-- MySQL dump 10.13  Distrib 8.0.26, for Win64 (x86_64)
--
-- Host: localhost    Database: billing-prod
-- ------------------------------------------------------
-- Server version	8.0.26

/*!40101 SET @OLD_CHARACTER_SET_CLIENT=@@CHARACTER_SET_CLIENT */;
/*!40101 SET @OLD_CHARACTER_SET_RESULTS=@@CHARACTER_SET_RESULTS */;
/*!40101 SET @OLD_COLLATION_CONNECTION=@@COLLATION_CONNECTION */;
/*!50503 SET NAMES utf8 */;
/*!40103 SET @OLD_TIME_ZONE=@@TIME_ZONE */;
/*!40103 SET TIME_ZONE='+00:00' */;
/*!40014 SET @OLD_UNIQUE_CHECKS=@@UNIQUE_CHECKS, UNIQUE_CHECKS=0 */;
/*!40014 SET @OLD_FOREIGN_KEY_CHECKS=@@FOREIGN_KEY_CHECKS, FOREIGN_KEY_CHECKS=0 */;
/*!40101 SET @OLD_SQL_MODE=@@SQL_MODE, SQL_MODE='NO_AUTO_VALUE_ON_ZERO' */;
/*!40111 SET @OLD_SQL_NOTES=@@SQL_NOTES, SQL_NOTES=0 */;

--
-- Table structure for table `batch_job_execution`
--

DROP TABLE IF EXISTS `batch_job_execution`;
/*!40101 SET @saved_cs_client     = @@character_set_client */;
/*!50503 SET character_set_client = utf8mb4 */;
CREATE TABLE `batch_job_execution` (
  `JOB_EXECUTION_ID` bigint NOT NULL,
  `VERSION` bigint DEFAULT NULL,
  `JOB_INSTANCE_ID` bigint NOT NULL,
  `CREATE_TIME` datetime(6) NOT NULL,
  `START_TIME` datetime(6) DEFAULT NULL,
  `END_TIME` datetime(6) DEFAULT NULL,
  `STATUS` varchar(10) DEFAULT NULL,
  `EXIT_CODE` varchar(2500) DEFAULT NULL,
  `EXIT_MESSAGE` varchar(2500) DEFAULT NULL,
  `LAST_UPDATED` datetime(6) DEFAULT NULL,
  `JOB_CONFIGURATION_LOCATION` varchar(2500) DEFAULT NULL,
  PRIMARY KEY (`JOB_EXECUTION_ID`),
  KEY `JOB_INST_EXEC_FK` (`JOB_INSTANCE_ID`),
  CONSTRAINT `JOB_INST_EXEC_FK` FOREIGN KEY (`JOB_INSTANCE_ID`) REFERENCES `batch_job_instance` (`JOB_INSTANCE_ID`)
) ENGINE=InnoDB DEFAULT CHARSET=utf8 COLLATE=utf8_general_ci;
/*!40101 SET character_set_client = @saved_cs_client */;

--
-- Dumping data for table `batch_job_execution`
--

LOCK TABLES `batch_job_execution` WRITE;
/*!40000 ALTER TABLE `batch_job_execution` DISABLE KEYS */;
INSERT INTO `batch_job_execution` VALUES (1,2,1,'2022-02-05 19:24:53.591000','2022-02-05 19:24:53.640000','2022-02-05 19:24:53.816000','COMPLETED','COMPLETED','','2022-02-05 19:24:53.817000',NULL),(2,2,1,'2022-02-05 19:27:16.840000','2022-02-05 19:27:16.881000','2022-02-05 19:27:16.895000','COMPLETED','NOOP','All steps already completed or no steps configured for this job.','2022-02-05 19:27:16.896000',NULL),(3,2,1,'2022-02-05 19:42:06.660000','2022-02-05 19:42:06.672000','2022-02-05 19:42:06.680000','COMPLETED','NOOP','All steps already completed or no steps configured for this job.','2022-02-05 19:42:06.680000',NULL),(4,2,1,'2022-02-05 20:45:20.044000','2022-02-05 20:45:20.084000','2022-02-05 20:45:20.099000','COMPLETED','NOOP','All steps already completed or no steps configured for this job.','2022-02-05 20:45:20.100000',NULL),(5,2,1,'2022-02-05 20:52:53.973000','2022-02-05 20:52:54.010000','2022-02-05 20:52:54.025000','COMPLETED','NOOP','All steps already completed or no steps configured for this job.','2022-02-05 20:52:54.026000',NULL),(6,2,1,'2022-02-05 20:55:23.108000','2022-02-05 20:55:23.163000','2022-02-05 20:55:23.179000','COMPLETED','NOOP','All steps already completed or no steps configured for this job.','2022-02-05 20:55:23.180000',NULL),(7,2,1,'2022-02-05 21:29:32.339000','2022-02-05 21:29:32.378000','2022-02-05 21:29:32.393000','COMPLETED','NOOP','All steps already completed or no steps configured for this job.','2022-02-05 21:29:32.394000',NULL),(8,2,1,'2022-02-05 21:36:58.096000','2022-02-05 21:36:58.102000','2022-02-05 21:36:58.108000','COMPLETED','NOOP','All steps already completed or no steps configured for this job.','2022-02-05 21:36:58.108000',NULL),(9,2,1,'2022-02-06 17:45:30.164000','2022-02-06 17:45:30.213000','2022-02-06 17:45:30.229000','COMPLETED','NOOP','All steps already completed or no steps configured for this job.','2022-02-06 17:45:30.229000',NULL),(10,2,1,'2022-02-06 18:20:03.140000','2022-02-06 18:20:03.189000','2022-02-06 18:20:03.203000','COMPLETED','NOOP','All steps already completed or no steps configured for this job.','2022-02-06 18:20:03.204000',NULL),(11,2,1,'2022-03-06 20:22:37.543000','2022-03-06 20:22:37.617000','2022-03-06 20:22:37.636000','COMPLETED','NOOP','All steps already completed or no steps configured for this job.','2022-03-06 20:22:37.636000',NULL),(12,2,1,'2022-03-12 20:32:55.989000','2022-03-12 20:32:56.043000','2022-03-12 20:32:56.059000','COMPLETED','NOOP','All steps already completed or no steps configured for this job.','2022-03-12 20:32:56.059000',NULL),(13,2,1,'2022-03-20 12:15:26.332000','2022-03-20 12:15:26.384000','2022-03-20 12:15:26.404000','COMPLETED','NOOP','All steps already completed or no steps configured for this job.','2022-03-20 12:15:26.404000',NULL),(14,2,1,'2022-03-30 16:58:42.280000','2022-03-30 16:58:42.507000','2022-03-30 16:58:42.558000','COMPLETED','NOOP','All steps already completed or no steps configured for this job.','2022-03-30 16:58:42.559000',NULL),(15,2,1,'2022-03-31 17:09:31.391000','2022-03-31 17:09:31.478000','2022-03-31 17:09:31.501000','COMPLETED','NOOP','All steps already completed or no steps configured for this job.','2022-03-31 17:09:31.502000',NULL),(16,2,1,'2022-04-02 16:42:24.312000','2022-04-02 16:42:24.386000','2022-04-02 16:42:24.413000','COMPLETED','NOOP','All steps already completed or no steps configured for this job.','2022-04-02 16:42:24.414000',NULL),(17,2,1,'2022-04-02 17:11:22.832000','2022-04-02 17:11:22.886000','2022-04-02 17:11:22.903000','COMPLETED','NOOP','All steps already completed or no steps configured for this job.','2022-04-02 17:11:22.903000',NULL),(18,2,1,'2022-04-02 17:13:27.794000','2022-04-02 17:13:27.803000','2022-04-02 17:13:27.807000','COMPLETED','NOOP','All steps already completed or no steps configured for this job.','2022-04-02 17:13:27.807000',NULL),(19,2,1,'2022-04-03 16:52:23.547000','2022-04-03 16:52:23.590000','2022-04-03 16:52:23.604000','COMPLETED','NOOP','All steps already completed or no steps configured for this job.','2022-04-03 16:52:23.604000',NULL),(20,2,1,'2022-04-03 18:04:17.982000','2022-04-03 18:04:18.157000','2022-04-03 18:04:18.186000','COMPLETED','NOOP','All steps already completed or no steps configured for this job.','2022-04-03 18:04:18.186000',NULL),(21,2,1,'2022-04-10 17:43:31.002000','2022-04-10 17:43:31.047000','2022-04-10 17:43:31.062000','COMPLETED','NOOP','All steps already completed or no steps configured for this job.','2022-04-10 17:43:31.062000',NULL),(22,2,1,'2022-04-18 15:12:32.469000','2022-04-18 15:12:32.517000','2022-04-18 15:12:32.536000','COMPLETED','NOOP','All steps already completed or no steps configured for this job.','2022-04-18 15:12:32.536000',NULL),(23,2,1,'2022-04-18 15:13:16.288000','2022-04-18 15:13:16.295000','2022-04-18 15:13:16.301000','COMPLETED','NOOP','All steps already completed or no steps configured for this job.','2022-04-18 15:13:16.301000',NULL),(24,2,1,'2022-04-30 23:09:34.416000','2022-04-30 23:09:34.477000','2022-04-30 23:09:34.492000','COMPLETED','NOOP','All steps already completed or no steps configured for this job.','2022-04-30 23:09:34.492000',NULL),(25,2,1,'2022-04-30 23:13:35.997000','2022-04-30 23:13:36.009000','2022-04-30 23:13:36.065000','COMPLETED','NOOP','All steps already completed or no steps configured for this job.','2022-04-30 23:13:36.065000',NULL),(26,2,1,'2022-05-03 19:30:24.098000','2022-05-03 19:30:24.145000','2022-05-03 19:30:24.168000','COMPLETED','NOOP','All steps already completed or no steps configured for this job.','2022-05-03 19:30:24.169000',NULL),(27,2,1,'2022-05-03 20:05:45.245000','2022-05-03 20:05:45.293000','2022-05-03 20:05:45.315000','COMPLETED','NOOP','All steps already completed or no steps configured for this job.','2022-05-03 20:05:45.316000',NULL),(28,2,1,'2022-05-25 11:25:31.346000','2022-05-25 11:25:31.390000','2022-05-25 11:25:31.410000','COMPLETED','NOOP','All steps already completed or no steps configured for this job.','2022-05-25 11:25:31.411000',NULL),(29,2,1,'2022-05-31 18:38:40.347000','2022-05-31 18:38:40.405000','2022-05-31 18:38:40.428000','COMPLETED','NOOP','All steps already completed or no steps configured for this job.','2022-05-31 18:38:40.429000',NULL),(30,2,1,'2022-06-04 20:26:39.949000','2022-06-04 20:26:40.031000','2022-06-04 20:26:40.070000','COMPLETED','NOOP','All steps already completed or no steps configured for this job.','2022-06-04 20:26:40.071000',NULL),(31,2,1,'2022-06-16 18:18:39.842000','2022-06-16 18:18:39.965000','2022-06-16 18:18:40.006000','COMPLETED','NOOP','All steps already completed or no steps configured for this job.','2022-06-16 18:18:40.007000',NULL),(32,2,1,'2022-06-25 10:24:21.938000','2022-06-25 10:24:22.051000','2022-06-25 10:24:22.109000','COMPLETED','NOOP','All steps already completed or no steps configured for this job.','2022-06-25 10:24:22.110000',NULL),(33,2,1,'2022-06-30 19:56:31.998000','2022-06-30 19:56:32.062000','2022-06-30 19:56:32.086000','COMPLETED','NOOP','All steps already completed or no steps configured for this job.','2022-06-30 19:56:32.087000',NULL),(34,2,1,'2022-07-10 19:12:44.517000','2022-07-10 19:12:44.574000','2022-07-10 19:12:44.593000','COMPLETED','NOOP','All steps already completed or no steps configured for this job.','2022-07-10 19:12:44.594000',NULL),(35,2,1,'2022-07-16 21:26:04.301000','2022-07-16 21:26:04.409000','2022-07-16 21:26:04.447000','COMPLETED','NOOP','All steps already completed or no steps configured for this job.','2022-07-16 21:26:04.448000',NULL),(36,2,1,'2022-09-03 09:12:22.002000','2022-09-03 09:12:22.186000','2022-09-03 09:12:22.227000','COMPLETED','NOOP','All steps already completed or no steps configured for this job.','2022-09-03 09:12:22.228000',NULL),(37,2,1,'2022-09-29 17:05:31.470000','2022-09-29 17:05:31.551000','2022-09-29 17:05:31.576000','COMPLETED','NOOP','All steps already completed or no steps configured for this job.','2022-09-29 17:05:31.577000',NULL),(38,2,1,'2022-09-29 17:16:27.108000','2022-09-29 17:16:27.115000','2022-09-29 17:16:27.122000','COMPLETED','NOOP','All steps already completed or no steps configured for this job.','2022-09-29 17:16:27.122000',NULL),(39,2,1,'2022-09-29 17:17:02.925000','2022-09-29 17:17:02.931000','2022-09-29 17:17:02.936000','COMPLETED','NOOP','All steps already completed or no steps configured for this job.','2022-09-29 17:17:02.936000',NULL),(40,2,1,'2022-09-29 17:17:54.592000','2022-09-29 17:17:54.600000','2022-09-29 17:17:54.605000','COMPLETED','NOOP','All steps already completed or no steps configured for this job.','2022-09-29 17:17:54.606000',NULL),(41,2,1,'2022-09-29 17:20:09.695000','2022-09-29 17:20:09.703000','2022-09-29 17:20:09.710000','COMPLETED','NOOP','All steps already completed or no steps configured for this job.','2022-09-29 17:20:09.710000',NULL),(42,2,1,'2022-09-29 17:20:20.551000','2022-09-29 17:20:20.558000','2022-09-29 17:20:20.561000','COMPLETED','NOOP','All steps already completed or no steps configured for this job.','2022-09-29 17:20:20.561000',NULL),(43,2,1,'2022-09-29 17:21:34.709000','2022-09-29 17:21:34.717000','2022-09-29 17:21:34.722000','COMPLETED','NOOP','All steps already completed or no steps configured for this job.','2022-09-29 17:21:34.723000',NULL),(44,2,1,'2022-10-05 10:32:53.998000','2022-10-05 10:32:54.084000','2022-10-05 10:32:54.114000','COMPLETED','NOOP','All steps already completed or no steps configured for this job.','2022-10-05 10:32:54.114000',NULL),(45,2,1,'2022-10-05 13:47:03.332000','2022-10-05 13:47:03.390000','2022-10-05 13:47:03.413000','COMPLETED','NOOP','All steps already completed or no steps configured for this job.','2022-10-05 13:47:03.413000',NULL),(46,2,1,'2022-10-05 13:47:50.854000','2022-10-05 13:47:50.902000','2022-10-05 13:47:50.920000','COMPLETED','NOOP','All steps already completed or no steps configured for this job.','2022-10-05 13:47:50.921000',NULL),(47,2,1,'2022-10-05 13:49:21.891000','2022-10-05 13:49:21.898000','2022-10-05 13:49:21.903000','COMPLETED','NOOP','All steps already completed or no steps configured for this job.','2022-10-05 13:49:21.903000',NULL),(48,2,1,'2022-10-05 13:49:39.704000','2022-10-05 13:49:39.711000','2022-10-05 13:49:39.716000','COMPLETED','NOOP','All steps already completed or no steps configured for this job.','2022-10-05 13:49:39.716000',NULL),(49,2,1,'2022-10-05 13:51:14.042000','2022-10-05 13:51:14.049000','2022-10-05 13:51:14.053000','COMPLETED','NOOP','All steps already completed or no steps configured for this job.','2022-10-05 13:51:14.054000',NULL),(50,2,1,'2022-10-05 18:03:08.075000','2022-10-05 18:03:08.087000','2022-10-05 18:03:08.096000','COMPLETED','NOOP','All steps already completed or no steps configured for this job.','2022-10-05 18:03:08.096000',NULL),(51,2,1,'2022-10-05 18:03:31.894000','2022-10-05 18:03:31.949000','2022-10-05 18:03:31.968000','COMPLETED','NOOP','All steps already completed or no steps configured for this job.','2022-10-05 18:03:31.968000',NULL),(52,2,1,'2022-10-05 18:04:54.667000','2022-10-05 18:04:54.675000','2022-10-05 18:04:54.682000','COMPLETED','NOOP','All steps already completed or no steps configured for this job.','2022-10-05 18:04:54.682000',NULL),(53,2,1,'2022-10-05 18:06:13.218000','2022-10-05 18:06:13.231000','2022-10-05 18:06:13.237000','COMPLETED','NOOP','All steps already completed or no steps configured for this job.','2022-10-05 18:06:13.237000',NULL),(54,2,1,'2022-10-05 18:08:07.813000','2022-10-05 18:08:07.822000','2022-10-05 18:08:07.826000','COMPLETED','NOOP','All steps already completed or no steps configured for this job.','2022-10-05 18:08:07.827000',NULL),(55,2,1,'2022-10-13 10:07:20.320000','2022-10-13 10:07:20.371000','2022-10-13 10:07:20.395000','COMPLETED','NOOP','All steps already completed or no steps configured for this job.','2022-10-13 10:07:20.396000',NULL),(56,2,1,'2022-10-19 16:57:43.782000','2022-10-19 16:57:43.824000','2022-10-19 16:57:43.842000','COMPLETED','NOOP','All steps already completed or no steps configured for this job.','2022-10-19 16:57:43.842000',NULL),(57,2,1,'2022-10-19 16:58:59.853000','2022-10-19 16:58:59.859000','2022-10-19 16:58:59.866000','COMPLETED','NOOP','All steps already completed or no steps configured for this job.','2022-10-19 16:58:59.866000',NULL),(58,2,1,'2022-10-19 17:00:09.685000','2022-10-19 17:00:09.734000','2022-10-19 17:00:09.751000','COMPLETED','NOOP','All steps already completed or no steps configured for this job.','2022-10-19 17:00:09.751000',NULL),(59,2,1,'2022-10-19 17:00:40.807000','2022-10-19 17:00:40.815000','2022-10-19 17:00:40.823000','COMPLETED','NOOP','All steps already completed or no steps configured for this job.','2022-10-19 17:00:40.824000',NULL),(60,2,1,'2022-10-20 10:08:07.370000','2022-10-20 10:08:07.423000','2022-10-20 10:08:07.442000','COMPLETED','NOOP','All steps already completed or no steps configured for this job.','2022-10-20 10:08:07.442000',NULL),(61,2,1,'2022-10-20 10:09:58.000000','2022-10-20 10:09:58.007000','2022-10-20 10:09:58.014000','COMPLETED','NOOP','All steps already completed or no steps configured for this job.','2022-10-20 10:09:58.014000',NULL),(62,2,1,'2022-10-20 10:10:33.407000','2022-10-20 10:10:33.415000','2022-10-20 10:10:33.421000','COMPLETED','NOOP','All steps already completed or no steps configured for this job.','2022-10-20 10:10:33.421000',NULL),(63,2,1,'2022-10-20 10:10:36.162000','2022-10-20 10:10:36.170000','2022-10-20 10:10:36.176000','COMPLETED','NOOP','All steps already completed or no steps configured for this job.','2022-10-20 10:10:36.176000',NULL),(64,2,1,'2022-10-20 10:10:39.900000','2022-10-20 10:10:39.905000','2022-10-20 10:10:39.910000','COMPLETED','NOOP','All steps already completed or no steps configured for this job.','2022-10-20 10:10:39.910000',NULL),(65,2,1,'2022-10-25 16:19:52.990000','2022-10-25 16:19:53.052000','2022-10-25 16:19:53.076000','COMPLETED','NOOP','All steps already completed or no steps configured for this job.','2022-10-25 16:19:53.077000',NULL),(66,2,1,'2022-11-03 12:12:18.463000','2022-11-03 12:12:18.562000','2022-11-03 12:12:18.597000','COMPLETED','NOOP','All steps already completed or no steps configured for this job.','2022-11-03 12:12:18.598000',NULL),(67,2,1,'2022-11-11 17:45:22.826000','2022-11-11 17:45:22.895000','2022-11-11 17:45:22.922000','COMPLETED','NOOP','All steps already completed or no steps configured for this job.','2022-11-11 17:45:22.923000',NULL),(68,2,1,'2022-11-11 17:59:01.558000','2022-11-11 17:59:01.625000','2022-11-11 17:59:01.646000','COMPLETED','NOOP','All steps already completed or no steps configured for this job.','2022-11-11 17:59:01.646000',NULL),(69,2,1,'2022-11-11 18:20:55.806000','2022-11-11 18:20:56.000000','2022-11-11 18:20:56.040000','COMPLETED','NOOP','All steps already completed or no steps configured for this job.','2022-11-11 18:20:56.041000',NULL),(70,2,1,'2022-11-11 19:15:51.011000','2022-11-11 19:15:51.141000','2022-11-11 19:15:51.165000','COMPLETED','NOOP','All steps already completed or no steps configured for this job.','2022-11-11 19:15:51.166000',NULL),(71,2,1,'2022-11-11 19:19:29.346000','2022-11-11 19:19:29.439000','2022-11-11 19:19:29.462000','COMPLETED','NOOP','All steps already completed or no steps configured for this job.','2022-11-11 19:19:29.463000',NULL),(72,2,1,'2022-11-11 19:21:17.013000','2022-11-11 19:21:17.183000','2022-11-11 19:21:17.207000','COMPLETED','NOOP','All steps already completed or no steps configured for this job.','2022-11-11 19:21:17.208000',NULL),(73,2,1,'2022-11-11 19:24:01.888000','2022-11-11 19:24:02.062000','2022-11-11 19:24:02.084000','COMPLETED','NOOP','All steps already completed or no steps configured for this job.','2022-11-11 19:24:02.085000',NULL),(74,2,1,'2022-11-23 19:26:52.844000','2022-11-23 19:26:52.859000','2022-11-23 19:26:52.871000','COMPLETED','NOOP','All steps already completed or no steps configured for this job.','2022-11-23 19:26:52.871000',NULL),(75,2,1,'2022-11-30 22:32:21.147000','2022-11-30 22:32:21.225000','2022-11-30 22:32:21.250000','COMPLETED','NOOP','All steps already completed or no steps configured for this job.','2022-11-30 22:32:21.250000',NULL),(76,2,1,'2022-12-03 12:12:18.019000','2022-12-03 12:12:18.099000','2022-12-03 12:12:18.117000','COMPLETED','NOOP','All steps already completed or no steps configured for this job.','2022-12-03 12:12:18.118000',NULL),(77,2,1,'2022-12-07 16:31:16.865000','2022-12-07 16:31:16.932000','2022-12-07 16:31:16.957000','COMPLETED','NOOP','All steps already completed or no steps configured for this job.','2022-12-07 16:31:16.957000',NULL),(78,2,1,'2022-12-07 19:43:01.909000','2022-12-07 19:43:01.959000','2022-12-07 19:43:01.977000','COMPLETED','NOOP','All steps already completed or no steps configured for this job.','2022-12-07 19:43:01.978000',NULL),(79,2,1,'2022-12-07 20:05:47.167000','2022-12-07 20:05:47.215000','2022-12-07 20:05:47.242000','COMPLETED','NOOP','All steps already completed or no steps configured for this job.','2022-12-07 20:05:47.243000',NULL),(80,2,1,'2022-12-07 20:06:41.826000','2022-12-07 20:06:41.886000','2022-12-07 20:06:41.911000','COMPLETED','NOOP','All steps already completed or no steps configured for this job.','2022-12-07 20:06:41.912000',NULL),(81,2,1,'2022-12-14 09:26:56.270000','2022-12-14 09:26:56.326000','2022-12-14 09:26:56.346000','COMPLETED','NOOP','All steps already completed or no steps configured for this job.','2022-12-14 09:26:56.347000',NULL),(82,2,1,'2022-12-14 09:28:19.071000','2022-12-14 09:28:19.116000','2022-12-14 09:28:19.130000','COMPLETED','NOOP','All steps already completed or no steps configured for this job.','2022-12-14 09:28:19.130000',NULL),(83,2,1,'2022-12-14 11:46:17.322000','2022-12-14 11:46:17.370000','2022-12-14 11:46:17.388000','COMPLETED','NOOP','All steps already completed or no steps configured for this job.','2022-12-14 11:46:17.389000',NULL),(84,2,1,'2022-12-14 11:49:36.615000','2022-12-14 11:49:36.671000','2022-12-14 11:49:36.688000','COMPLETED','NOOP','All steps already completed or no steps configured for this job.','2022-12-14 11:49:36.688000',NULL),(85,2,1,'2022-12-14 11:49:58.186000','2022-12-14 11:49:58.230000','2022-12-14 11:49:58.246000','COMPLETED','NOOP','All steps already completed or no steps configured for this job.','2022-12-14 11:49:58.247000',NULL),(86,2,1,'2022-12-14 11:51:13.978000','2022-12-14 11:51:14.018000','2022-12-14 11:51:14.030000','COMPLETED','NOOP','All steps already completed or no steps configured for this job.','2022-12-14 11:51:14.030000',NULL),(87,2,1,'2022-12-14 12:08:24.864000','2022-12-14 12:08:24.922000','2022-12-14 12:08:24.939000','COMPLETED','NOOP','All steps already completed or no steps configured for this job.','2022-12-14 12:08:24.940000',NULL),(88,2,1,'2022-12-14 12:10:25.623000','2022-12-14 12:10:25.669000','2022-12-14 12:10:25.686000','COMPLETED','NOOP','All steps already completed or no steps configured for this job.','2022-12-14 12:10:25.686000',NULL),(89,2,1,'2022-12-14 12:13:03.508000','2022-12-14 12:13:03.555000','2022-12-14 12:13:03.572000','COMPLETED','NOOP','All steps already completed or no steps configured for this job.','2022-12-14 12:13:03.572000',NULL),(90,2,1,'2022-12-14 14:05:13.788000','2022-12-14 14:05:13.834000','2022-12-14 14:05:13.846000','COMPLETED','NOOP','All steps already completed or no steps configured for this job.','2022-12-14 14:05:13.846000',NULL),(91,2,1,'2022-12-14 14:08:13.828000','2022-12-14 14:08:13.878000','2022-12-14 14:08:13.895000','COMPLETED','NOOP','All steps already completed or no steps configured for this job.','2022-12-14 14:08:13.896000',NULL),(92,2,1,'2022-12-14 14:10:57.414000','2022-12-14 14:10:57.460000','2022-12-14 14:10:57.478000','COMPLETED','NOOP','All steps already completed or no steps configured for this job.','2022-12-14 14:10:57.479000',NULL),(93,2,1,'2022-12-15 08:50:05.212000','2022-12-15 08:50:05.262000','2022-12-15 08:50:05.278000','COMPLETED','NOOP','All steps already completed or no steps configured for this job.','2022-12-15 08:50:05.279000',NULL),(94,2,1,'2022-12-15 08:57:09.422000','2022-12-15 08:57:09.469000','2022-12-15 08:57:09.486000','COMPLETED','NOOP','All steps already completed or no steps configured for this job.','2022-12-15 08:57:09.487000',NULL),(95,2,1,'2022-12-15 09:03:20.503000','2022-12-15 09:03:20.553000','2022-12-15 09:03:20.569000','COMPLETED','NOOP','All steps already completed or no steps configured for this job.','2022-12-15 09:03:20.570000',NULL),(96,2,1,'2022-12-15 09:14:25.293000','2022-12-15 09:14:25.339000','2022-12-15 09:14:25.354000','COMPLETED','NOOP','All steps already completed or no steps configured for this job.','2022-12-15 09:14:25.355000',NULL),(97,2,1,'2022-12-15 09:15:18.972000','2022-12-15 09:15:19.029000','2022-12-15 09:15:19.043000','COMPLETED','NOOP','All steps already completed or no steps configured for this job.','2022-12-15 09:15:19.043000',NULL),(98,2,1,'2022-12-15 09:15:51.461000','2022-12-15 09:15:51.512000','2022-12-15 09:15:51.533000','COMPLETED','NOOP','All steps already completed or no steps configured for this job.','2022-12-15 09:15:51.534000',NULL),(99,2,1,'2022-12-15 09:18:59.944000','2022-12-15 09:18:59.999000','2022-12-15 09:19:00.024000','COMPLETED','NOOP','All steps already completed or no steps configured for this job.','2022-12-15 09:19:00.025000',NULL),(100,2,1,'2022-12-15 09:19:25.885000','2022-12-15 09:19:25.926000','2022-12-15 09:19:25.947000','COMPLETED','NOOP','All steps already completed or no steps configured for this job.','2022-12-15 09:19:25.948000',NULL),(101,2,1,'2022-12-15 09:45:18.705000','2022-12-15 09:45:18.749000','2022-12-15 09:45:18.764000','COMPLETED','NOOP','All steps already completed or no steps configured for this job.','2022-12-15 09:45:18.765000',NULL),(102,2,1,'2022-12-15 09:49:46.041000','2022-12-15 09:49:46.087000','2022-12-15 09:49:46.102000','COMPLETED','NOOP','All steps already completed or no steps configured for this job.','2022-12-15 09:49:46.103000',NULL),(103,2,1,'2022-12-15 10:06:12.108000','2022-12-15 10:06:12.156000','2022-12-15 10:06:12.174000','COMPLETED','NOOP','All steps already completed or no steps configured for this job.','2022-12-15 10:06:12.175000',NULL),(104,2,1,'2022-12-15 10:06:26.970000','2022-12-15 10:06:27.023000','2022-12-15 10:06:27.037000','COMPLETED','NOOP','All steps already completed or no steps configured for this job.','2022-12-15 10:06:27.038000',NULL),(105,2,1,'2022-12-15 10:07:54.472000','2022-12-15 10:07:54.536000','2022-12-15 10:07:54.557000','COMPLETED','NOOP','All steps already completed or no steps configured for this job.','2022-12-15 10:07:54.559000',NULL),(106,2,1,'2022-12-15 10:12:01.461000','2022-12-15 10:12:01.516000','2022-12-15 10:12:01.539000','COMPLETED','NOOP','All steps already completed or no steps configured for this job.','2022-12-15 10:12:01.540000',NULL),(107,2,1,'2022-12-15 10:13:28.431000','2022-12-15 10:13:28.492000','2022-12-15 10:13:28.515000','COMPLETED','NOOP','All steps already completed or no steps configured for this job.','2022-12-15 10:13:28.516000',NULL),(108,2,1,'2022-12-15 10:45:47.875000','2022-12-15 10:45:47.914000','2022-12-15 10:45:47.929000','COMPLETED','NOOP','All steps already completed or no steps configured for this job.','2022-12-15 10:45:47.930000',NULL),(109,2,1,'2022-12-15 10:47:06.482000','2022-12-15 10:47:06.532000','2022-12-15 10:47:06.546000','COMPLETED','NOOP','All steps already completed or no steps configured for this job.','2022-12-15 10:47:06.547000',NULL),(110,2,1,'2022-12-15 10:49:14.556000','2022-12-15 10:49:14.627000','2022-12-15 10:49:14.649000','COMPLETED','NOOP','All steps already completed or no steps configured for this job.','2022-12-15 10:49:14.650000',NULL),(111,2,1,'2022-12-15 10:53:45.382000','2022-12-15 10:53:45.429000','2022-12-15 10:53:45.445000','COMPLETED','NOOP','All steps already completed or no steps configured for this job.','2022-12-15 10:53:45.445000',NULL),(112,2,1,'2022-12-15 10:59:36.653000','2022-12-15 10:59:36.714000','2022-12-15 10:59:36.734000','COMPLETED','NOOP','All steps already completed or no steps configured for this job.','2022-12-15 10:59:36.735000',NULL),(113,2,1,'2022-12-15 13:00:31.601000','2022-12-15 13:00:31.649000','2022-12-15 13:00:31.666000','COMPLETED','NOOP','All steps already completed or no steps configured for this job.','2022-12-15 13:00:31.667000',NULL),(114,2,1,'2022-12-16 10:37:14.473000','2022-12-16 10:37:14.554000','2022-12-16 10:37:14.583000','COMPLETED','NOOP','All steps already completed or no steps configured for this job.','2022-12-16 10:37:14.584000',NULL),(115,2,1,'2022-12-16 10:38:44.180000','2022-12-16 10:38:44.230000','2022-12-16 10:38:44.247000','COMPLETED','NOOP','All steps already completed or no steps configured for this job.','2022-12-16 10:38:44.248000',NULL),(116,2,1,'2022-12-16 19:04:57.238000','2022-12-16 19:04:57.283000','2022-12-16 19:04:57.295000','COMPLETED','NOOP','All steps already completed or no steps configured for this job.','2022-12-16 19:04:57.296000',NULL),(117,2,1,'2022-12-19 11:27:54.910000','2022-12-19 11:27:54.953000','2022-12-19 11:27:54.970000','COMPLETED','NOOP','All steps already completed or no steps configured for this job.','2022-12-19 11:27:54.971000',NULL),(118,2,1,'2022-12-19 12:21:13.880000','2022-12-19 12:21:13.923000','2022-12-19 12:21:13.939000','COMPLETED','NOOP','All steps already completed or no steps configured for this job.','2022-12-19 12:21:13.940000',NULL),(119,2,1,'2022-12-19 12:22:07.944000','2022-12-19 12:22:07.990000','2022-12-19 12:22:08.008000','COMPLETED','NOOP','All steps already completed or no steps configured for this job.','2022-12-19 12:22:08.009000',NULL),(120,2,1,'2022-12-19 13:11:07.523000','2022-12-19 13:11:07.573000','2022-12-19 13:11:07.589000','COMPLETED','NOOP','All steps already completed or no steps configured for this job.','2022-12-19 13:11:07.590000',NULL),(121,2,1,'2022-12-19 14:02:25.918000','2022-12-19 14:02:25.995000','2022-12-19 14:02:26.051000','COMPLETED','NOOP','All steps already completed or no steps configured for this job.','2022-12-19 14:02:26.052000',NULL),(122,2,1,'2022-12-19 14:03:48.841000','2022-12-19 14:03:48.887000','2022-12-19 14:03:48.902000','COMPLETED','NOOP','All steps already completed or no steps configured for this job.','2022-12-19 14:03:48.902000',NULL),(123,2,1,'2022-12-19 14:05:59.960000','2022-12-19 14:06:00.018000','2022-12-19 14:06:00.040000','COMPLETED','NOOP','All steps already completed or no steps configured for this job.','2022-12-19 14:06:00.041000',NULL),(124,2,1,'2022-12-19 14:07:07.177000','2022-12-19 14:07:07.231000','2022-12-19 14:07:07.248000','COMPLETED','NOOP','All steps already completed or no steps configured for this job.','2022-12-19 14:07:07.249000',NULL),(125,2,1,'2022-12-19 15:30:18.590000','2022-12-19 15:30:18.641000','2022-12-19 15:30:18.660000','COMPLETED','NOOP','All steps already completed or no steps configured for this job.','2022-12-19 15:30:18.660000',NULL),(126,2,1,'2022-12-19 15:38:05.130000','2022-12-19 15:38:05.178000','2022-12-19 15:38:05.195000','COMPLETED','NOOP','All steps already completed or no steps configured for this job.','2022-12-19 15:38:05.195000',NULL);
/*!40000 ALTER TABLE `batch_job_execution` ENABLE KEYS */;
UNLOCK TABLES;

--
-- Table structure for table `batch_job_execution_context`
--

DROP TABLE IF EXISTS `batch_job_execution_context`;
/*!40101 SET @saved_cs_client     = @@character_set_client */;
/*!50503 SET character_set_client = utf8mb4 */;
CREATE TABLE `batch_job_execution_context` (
  `JOB_EXECUTION_ID` bigint NOT NULL,
  `SHORT_CONTEXT` varchar(2500) NOT NULL,
  `SERIALIZED_CONTEXT` text,
  PRIMARY KEY (`JOB_EXECUTION_ID`),
  CONSTRAINT `JOB_EXEC_CTX_FK` FOREIGN KEY (`JOB_EXECUTION_ID`) REFERENCES `batch_job_execution` (`JOB_EXECUTION_ID`)
) ENGINE=InnoDB DEFAULT CHARSET=utf8 COLLATE=utf8_general_ci;
/*!40101 SET character_set_client = @saved_cs_client */;

--
-- Dumping data for table `batch_job_execution_context`
--

LOCK TABLES `batch_job_execution_context` WRITE;
/*!40000 ALTER TABLE `batch_job_execution_context` DISABLE KEYS */;
INSERT INTO `batch_job_execution_context` VALUES (1,'{\"@class\":\"java.util.HashMap\"}',NULL),(2,'{\"@class\":\"java.util.HashMap\"}',NULL),(3,'{\"@class\":\"java.util.HashMap\"}',NULL),(4,'{\"@class\":\"java.util.HashMap\"}',NULL),(5,'{\"@class\":\"java.util.HashMap\"}',NULL),(6,'{\"@class\":\"java.util.HashMap\"}',NULL),(7,'{\"@class\":\"java.util.HashMap\"}',NULL),(8,'{\"@class\":\"java.util.HashMap\"}',NULL),(9,'{\"@class\":\"java.util.HashMap\"}',NULL),(10,'{\"@class\":\"java.util.HashMap\"}',NULL),(11,'{\"@class\":\"java.util.HashMap\"}',NULL),(12,'{\"@class\":\"java.util.HashMap\"}',NULL),(13,'{\"@class\":\"java.util.HashMap\"}',NULL),(14,'{\"@class\":\"java.util.HashMap\"}',NULL),(15,'{\"@class\":\"java.util.HashMap\"}',NULL),(16,'{\"@class\":\"java.util.HashMap\"}',NULL),(17,'{\"@class\":\"java.util.HashMap\"}',NULL),(18,'{\"@class\":\"java.util.HashMap\"}',NULL),(19,'{\"@class\":\"java.util.HashMap\"}',NULL),(20,'{\"@class\":\"java.util.HashMap\"}',NULL),(21,'{\"@class\":\"java.util.HashMap\"}',NULL),(22,'{\"@class\":\"java.util.HashMap\"}',NULL),(23,'{\"@class\":\"java.util.HashMap\"}',NULL),(24,'{\"@class\":\"java.util.HashMap\"}',NULL),(25,'{\"@class\":\"java.util.HashMap\"}',NULL),(26,'{\"@class\":\"java.util.HashMap\"}',NULL),(27,'{\"@class\":\"java.util.HashMap\"}',NULL),(28,'{\"@class\":\"java.util.HashMap\"}',NULL),(29,'{\"@class\":\"java.util.HashMap\"}',NULL),(30,'{\"@class\":\"java.util.HashMap\"}',NULL),(31,'{\"@class\":\"java.util.HashMap\"}',NULL),(32,'{\"@class\":\"java.util.HashMap\"}',NULL),(33,'{\"@class\":\"java.util.HashMap\"}',NULL),(34,'{\"@class\":\"java.util.HashMap\"}',NULL),(35,'{\"@class\":\"java.util.HashMap\"}',NULL),(36,'{\"@class\":\"java.util.HashMap\"}',NULL),(37,'{\"@class\":\"java.util.HashMap\"}',NULL),(38,'{\"@class\":\"java.util.HashMap\"}',NULL),(39,'{\"@class\":\"java.util.HashMap\"}',NULL),(40,'{\"@class\":\"java.util.HashMap\"}',NULL),(41,'{\"@class\":\"java.util.HashMap\"}',NULL),(42,'{\"@class\":\"java.util.HashMap\"}',NULL),(43,'{\"@class\":\"java.util.HashMap\"}',NULL),(44,'{\"@class\":\"java.util.HashMap\"}',NULL),(45,'{\"@class\":\"java.util.HashMap\"}',NULL),(46,'{\"@class\":\"java.util.HashMap\"}',NULL),(47,'{\"@class\":\"java.util.HashMap\"}',NULL),(48,'{\"@class\":\"java.util.HashMap\"}',NULL),(49,'{\"@class\":\"java.util.HashMap\"}',NULL),(50,'{\"@class\":\"java.util.HashMap\"}',NULL),(51,'{\"@class\":\"java.util.HashMap\"}',NULL),(52,'{\"@class\":\"java.util.HashMap\"}',NULL),(53,'{\"@class\":\"java.util.HashMap\"}',NULL),(54,'{\"@class\":\"java.util.HashMap\"}',NULL),(55,'{\"@class\":\"java.util.HashMap\"}',NULL),(56,'{\"@class\":\"java.util.HashMap\"}',NULL),(57,'{\"@class\":\"java.util.HashMap\"}',NULL),(58,'{\"@class\":\"java.util.HashMap\"}',NULL),(59,'{\"@class\":\"java.util.HashMap\"}',NULL),(60,'{\"@class\":\"java.util.HashMap\"}',NULL),(61,'{\"@class\":\"java.util.HashMap\"}',NULL),(62,'{\"@class\":\"java.util.HashMap\"}',NULL),(63,'{\"@class\":\"java.util.HashMap\"}',NULL),(64,'{\"@class\":\"java.util.HashMap\"}',NULL),(65,'{\"@class\":\"java.util.HashMap\"}',NULL),(66,'{\"@class\":\"java.util.HashMap\"}',NULL),(67,'{\"@class\":\"java.util.HashMap\"}',NULL),(68,'{\"@class\":\"java.util.HashMap\"}',NULL),(69,'{\"@class\":\"java.util.HashMap\"}',NULL),(70,'{\"@class\":\"java.util.HashMap\"}',NULL),(71,'{\"@class\":\"java.util.HashMap\"}',NULL),(72,'{\"@class\":\"java.util.HashMap\"}',NULL),(73,'{\"@class\":\"java.util.HashMap\"}',NULL),(74,'{\"@class\":\"java.util.HashMap\"}',NULL),(75,'{\"@class\":\"java.util.HashMap\"}',NULL),(76,'{\"@class\":\"java.util.HashMap\"}',NULL),(77,'{\"@class\":\"java.util.HashMap\"}',NULL),(78,'{\"@class\":\"java.util.HashMap\"}',NULL),(79,'{\"@class\":\"java.util.HashMap\"}',NULL),(80,'{\"@class\":\"java.util.HashMap\"}',NULL),(81,'{\"@class\":\"java.util.HashMap\"}',NULL),(82,'{\"@class\":\"java.util.HashMap\"}',NULL),(83,'{\"@class\":\"java.util.HashMap\"}',NULL),(84,'{\"@class\":\"java.util.HashMap\"}',NULL),(85,'{\"@class\":\"java.util.HashMap\"}',NULL),(86,'{\"@class\":\"java.util.HashMap\"}',NULL),(87,'{\"@class\":\"java.util.HashMap\"}',NULL),(88,'{\"@class\":\"java.util.HashMap\"}',NULL),(89,'{\"@class\":\"java.util.HashMap\"}',NULL),(90,'{\"@class\":\"java.util.HashMap\"}',NULL),(91,'{\"@class\":\"java.util.HashMap\"}',NULL),(92,'{\"@class\":\"java.util.HashMap\"}',NULL),(93,'{\"@class\":\"java.util.HashMap\"}',NULL),(94,'{\"@class\":\"java.util.HashMap\"}',NULL),(95,'{\"@class\":\"java.util.HashMap\"}',NULL),(96,'{\"@class\":\"java.util.HashMap\"}',NULL),(97,'{\"@class\":\"java.util.HashMap\"}',NULL),(98,'{\"@class\":\"java.util.HashMap\"}',NULL),(99,'{\"@class\":\"java.util.HashMap\"}',NULL),(100,'{\"@class\":\"java.util.HashMap\"}',NULL),(101,'{\"@class\":\"java.util.HashMap\"}',NULL),(102,'{\"@class\":\"java.util.HashMap\"}',NULL),(103,'{\"@class\":\"java.util.HashMap\"}',NULL),(104,'{\"@class\":\"java.util.HashMap\"}',NULL),(105,'{\"@class\":\"java.util.HashMap\"}',NULL),(106,'{\"@class\":\"java.util.HashMap\"}',NULL),(107,'{\"@class\":\"java.util.HashMap\"}',NULL),(108,'{\"@class\":\"java.util.HashMap\"}',NULL),(109,'{\"@class\":\"java.util.HashMap\"}',NULL),(110,'{\"@class\":\"java.util.HashMap\"}',NULL),(111,'{\"@class\":\"java.util.HashMap\"}',NULL),(112,'{\"@class\":\"java.util.HashMap\"}',NULL),(113,'{\"@class\":\"java.util.HashMap\"}',NULL),(114,'{\"@class\":\"java.util.HashMap\"}',NULL),(115,'{\"@class\":\"java.util.HashMap\"}',NULL),(116,'{\"@class\":\"java.util.HashMap\"}',NULL),(117,'{\"@class\":\"java.util.HashMap\"}',NULL),(118,'{\"@class\":\"java.util.HashMap\"}',NULL),(119,'{\"@class\":\"java.util.HashMap\"}',NULL),(120,'{\"@class\":\"java.util.HashMap\"}',NULL),(121,'{\"@class\":\"java.util.HashMap\"}',NULL),(122,'{\"@class\":\"java.util.HashMap\"}',NULL),(123,'{\"@class\":\"java.util.HashMap\"}',NULL),(124,'{\"@class\":\"java.util.HashMap\"}',NULL),(125,'{\"@class\":\"java.util.HashMap\"}',NULL),(126,'{\"@class\":\"java.util.HashMap\"}',NULL);
/*!40000 ALTER TABLE `batch_job_execution_context` ENABLE KEYS */;
UNLOCK TABLES;

--
-- Table structure for table `batch_job_execution_params`
--

DROP TABLE IF EXISTS `batch_job_execution_params`;
/*!40101 SET @saved_cs_client     = @@character_set_client */;
/*!50503 SET character_set_client = utf8mb4 */;
CREATE TABLE `batch_job_execution_params` (
  `JOB_EXECUTION_ID` bigint NOT NULL,
  `TYPE_CD` varchar(6) NOT NULL,
  `KEY_NAME` varchar(100) NOT NULL,
  `STRING_VAL` varchar(250) DEFAULT NULL,
  `DATE_VAL` datetime(6) DEFAULT NULL,
  `LONG_VAL` bigint DEFAULT NULL,
  `DOUBLE_VAL` double DEFAULT NULL,
  `IDENTIFYING` char(1) NOT NULL,
  KEY `JOB_EXEC_PARAMS_FK` (`JOB_EXECUTION_ID`),
  CONSTRAINT `JOB_EXEC_PARAMS_FK` FOREIGN KEY (`JOB_EXECUTION_ID`) REFERENCES `batch_job_execution` (`JOB_EXECUTION_ID`)
) ENGINE=InnoDB DEFAULT CHARSET=utf8 COLLATE=utf8_general_ci;
/*!40101 SET character_set_client = @saved_cs_client */;

--
-- Dumping data for table `batch_job_execution_params`
--

LOCK TABLES `batch_job_execution_params` WRITE;
/*!40000 ALTER TABLE `batch_job_execution_params` DISABLE KEYS */;
/*!40000 ALTER TABLE `batch_job_execution_params` ENABLE KEYS */;
UNLOCK TABLES;

--
-- Table structure for table `batch_job_execution_seq`
--

DROP TABLE IF EXISTS `batch_job_execution_seq`;
/*!40101 SET @saved_cs_client     = @@character_set_client */;
/*!50503 SET character_set_client = utf8mb4 */;
CREATE TABLE `batch_job_execution_seq` (
  `ID` bigint NOT NULL,
  `UNIQUE_KEY` char(1) NOT NULL,
  UNIQUE KEY `UNIQUE_KEY_UN` (`UNIQUE_KEY`)
) ENGINE=InnoDB DEFAULT CHARSET=utf8 COLLATE=utf8_general_ci;
/*!40101 SET character_set_client = @saved_cs_client */;

--
-- Dumping data for table `batch_job_execution_seq`
--

LOCK TABLES `batch_job_execution_seq` WRITE;
/*!40000 ALTER TABLE `batch_job_execution_seq` DISABLE KEYS */;
INSERT INTO `batch_job_execution_seq` VALUES (126,'0');
/*!40000 ALTER TABLE `batch_job_execution_seq` ENABLE KEYS */;
UNLOCK TABLES;

--
-- Table structure for table `batch_job_instance`
--

DROP TABLE IF EXISTS `batch_job_instance`;
/*!40101 SET @saved_cs_client     = @@character_set_client */;
/*!50503 SET character_set_client = utf8mb4 */;
CREATE TABLE `batch_job_instance` (
  `JOB_INSTANCE_ID` bigint NOT NULL,
  `VERSION` bigint DEFAULT NULL,
  `JOB_NAME` varchar(100) NOT NULL,
  `JOB_KEY` varchar(32) NOT NULL,
  PRIMARY KEY (`JOB_INSTANCE_ID`),
  UNIQUE KEY `JOB_INST_UN` (`JOB_NAME`,`JOB_KEY`)
) ENGINE=InnoDB DEFAULT CHARSET=utf8 COLLATE=utf8_general_ci;
/*!40101 SET character_set_client = @saved_cs_client */;

--
-- Dumping data for table `batch_job_instance`
--

LOCK TABLES `batch_job_instance` WRITE;
/*!40000 ALTER TABLE `batch_job_instance` DISABLE KEYS */;
INSERT INTO `batch_job_instance` VALUES (1,0,'listFacturesJob','d41d8cd98f00b204e9800998ecf8427e');
/*!40000 ALTER TABLE `batch_job_instance` ENABLE KEYS */;
UNLOCK TABLES;

--
-- Table structure for table `batch_job_seq`
--

DROP TABLE IF EXISTS `batch_job_seq`;
/*!40101 SET @saved_cs_client     = @@character_set_client */;
/*!50503 SET character_set_client = utf8mb4 */;
CREATE TABLE `batch_job_seq` (
  `ID` bigint NOT NULL,
  `UNIQUE_KEY` char(1) NOT NULL,
  UNIQUE KEY `UNIQUE_KEY_UN` (`UNIQUE_KEY`)
) ENGINE=InnoDB DEFAULT CHARSET=utf8 COLLATE=utf8_general_ci;
/*!40101 SET character_set_client = @saved_cs_client */;

--
-- Dumping data for table `batch_job_seq`
--

LOCK TABLES `batch_job_seq` WRITE;
/*!40000 ALTER TABLE `batch_job_seq` DISABLE KEYS */;
INSERT INTO `batch_job_seq` VALUES (1,'0');
/*!40000 ALTER TABLE `batch_job_seq` ENABLE KEYS */;
UNLOCK TABLES;

--
-- Table structure for table `batch_step_execution`
--

DROP TABLE IF EXISTS `batch_step_execution`;
/*!40101 SET @saved_cs_client     = @@character_set_client */;
/*!50503 SET character_set_client = utf8mb4 */;
CREATE TABLE `batch_step_execution` (
  `STEP_EXECUTION_ID` bigint NOT NULL,
  `VERSION` bigint NOT NULL,
  `STEP_NAME` varchar(100) NOT NULL,
  `JOB_EXECUTION_ID` bigint NOT NULL,
  `START_TIME` datetime(6) NOT NULL,
  `END_TIME` datetime(6) DEFAULT NULL,
  `STATUS` varchar(10) DEFAULT NULL,
  `COMMIT_COUNT` bigint DEFAULT NULL,
  `READ_COUNT` bigint DEFAULT NULL,
  `FILTER_COUNT` bigint DEFAULT NULL,
  `WRITE_COUNT` bigint DEFAULT NULL,
  `READ_SKIP_COUNT` bigint DEFAULT NULL,
  `WRITE_SKIP_COUNT` bigint DEFAULT NULL,
  `PROCESS_SKIP_COUNT` bigint DEFAULT NULL,
  `ROLLBACK_COUNT` bigint DEFAULT NULL,
  `EXIT_CODE` varchar(2500) DEFAULT NULL,
  `EXIT_MESSAGE` varchar(2500) DEFAULT NULL,
  `LAST_UPDATED` datetime(6) DEFAULT NULL,
  PRIMARY KEY (`STEP_EXECUTION_ID`),
  KEY `JOB_EXEC_STEP_FK` (`JOB_EXECUTION_ID`),
  CONSTRAINT `JOB_EXEC_STEP_FK` FOREIGN KEY (`JOB_EXECUTION_ID`) REFERENCES `batch_job_execution` (`JOB_EXECUTION_ID`)
) ENGINE=InnoDB DEFAULT CHARSET=utf8 COLLATE=utf8_general_ci;
/*!40101 SET character_set_client = @saved_cs_client */;

--
-- Dumping data for table `batch_step_execution`
--

LOCK TABLES `batch_step_execution` WRITE;
/*!40000 ALTER TABLE `batch_step_execution` DISABLE KEYS */;
INSERT INTO `batch_step_execution` VALUES (1,3,'processingStep',1,'2022-02-05 19:24:53.665000','2022-02-05 19:24:53.810000','COMPLETED',1,0,0,0,0,0,0,0,'COMPLETED','','2022-02-05 19:24:53.811000');
/*!40000 ALTER TABLE `batch_step_execution` ENABLE KEYS */;
UNLOCK TABLES;

--
-- Table structure for table `batch_step_execution_context`
--

DROP TABLE IF EXISTS `batch_step_execution_context`;
/*!40101 SET @saved_cs_client     = @@character_set_client */;
/*!50503 SET character_set_client = utf8mb4 */;
CREATE TABLE `batch_step_execution_context` (
  `STEP_EXECUTION_ID` bigint NOT NULL,
  `SHORT_CONTEXT` varchar(2500) NOT NULL,
  `SERIALIZED_CONTEXT` text,
  PRIMARY KEY (`STEP_EXECUTION_ID`),
  CONSTRAINT `STEP_EXEC_CTX_FK` FOREIGN KEY (`STEP_EXECUTION_ID`) REFERENCES `batch_step_execution` (`STEP_EXECUTION_ID`)
) ENGINE=InnoDB DEFAULT CHARSET=utf8 COLLATE=utf8_general_ci;
/*!40101 SET character_set_client = @saved_cs_client */;

--
-- Dumping data for table `batch_step_execution_context`
--

LOCK TABLES `batch_step_execution_context` WRITE;
/*!40000 ALTER TABLE `batch_step_execution_context` DISABLE KEYS */;
INSERT INTO `batch_step_execution_context` VALUES (1,'{\"@class\":\"java.util.HashMap\",\"batch.taskletType\":\"org.springframework.batch.core.step.item.ChunkOrientedTasklet\",\"batch.stepType\":\"org.springframework.batch.core.step.tasklet.TaskletStep\"}',NULL);
/*!40000 ALTER TABLE `batch_step_execution_context` ENABLE KEYS */;
UNLOCK TABLES;

--
-- Table structure for table `batch_step_execution_seq`
--

DROP TABLE IF EXISTS `batch_step_execution_seq`;
/*!40101 SET @saved_cs_client     = @@character_set_client */;
/*!50503 SET character_set_client = utf8mb4 */;
CREATE TABLE `batch_step_execution_seq` (
  `ID` bigint NOT NULL,
  `UNIQUE_KEY` char(1) NOT NULL,
  UNIQUE KEY `UNIQUE_KEY_UN` (`UNIQUE_KEY`)
) ENGINE=InnoDB DEFAULT CHARSET=utf8 COLLATE=utf8_general_ci;
/*!40101 SET character_set_client = @saved_cs_client */;

--
-- Dumping data for table `batch_step_execution_seq`
--

LOCK TABLES `batch_step_execution_seq` WRITE;
/*!40000 ALTER TABLE `batch_step_execution_seq` DISABLE KEYS */;
INSERT INTO `batch_step_execution_seq` VALUES (1,'0');
/*!40000 ALTER TABLE `batch_step_execution_seq` ENABLE KEYS */;
UNLOCK TABLES;

--
-- Table structure for table `hibernate_sequence`
--

DROP TABLE IF EXISTS `hibernate_sequence`;
/*!40101 SET @saved_cs_client     = @@character_set_client */;
/*!50503 SET character_set_client = utf8mb4 */;
CREATE TABLE `hibernate_sequence` (
  `next_val` bigint DEFAULT NULL
) ENGINE=MyISAM DEFAULT CHARSET=utf8 COLLATE=utf8_general_ci;
/*!40101 SET character_set_client = @saved_cs_client */;

--
-- Dumping data for table `hibernate_sequence`
--

LOCK TABLES `hibernate_sequence` WRITE;
/*!40000 ALTER TABLE `hibernate_sequence` DISABLE KEYS */;
INSERT INTO `hibernate_sequence` VALUES (1);
/*!40000 ALTER TABLE `hibernate_sequence` ENABLE KEYS */;
UNLOCK TABLES;

--
-- Table structure for table `t_adresse`
--

DROP TABLE IF EXISTS `t_adresse`;
/*!40101 SET @saved_cs_client     = @@character_set_client */;
/*!50503 SET character_set_client = utf8mb4 */;
CREATE TABLE `t_adresse` (
  `id` bigint NOT NULL AUTO_INCREMENT,
  `code_postal` varchar(5) NOT NULL DEFAULT '0',
  `localite` varchar(255) NOT NULL DEFAULT '0',
  `numero` varchar(100) NOT NULL DEFAULT '0',
  `pays` varchar(30) NOT NULL DEFAULT '0',
  `rue` varchar(255) NOT NULL DEFAULT '0',
  PRIMARY KEY (`id`)
) ENGINE=InnoDB AUTO_INCREMENT=19 DEFAULT CHARSET=utf8 COLLATE=utf8_general_ci;
/*!40101 SET character_set_client = @saved_cs_client */;

--
-- Dumping data for table `t_adresse`
--

LOCK TABLES `t_adresse` WRITE;
/*!40000 ALTER TABLE `t_adresse` DISABLE KEYS */;
INSERT INTO `t_adresse` VALUES (1,'92500','Rueil-Malmaison','111','FRANCE','Boulevard National'),(2,'92500','Rueil-Malmaison','13','FRANCE','Domaine de la côte noire'),(3,'75005','Paris','5','FRANCE','Rue Thénard'),(4,'92400','Courbevoie La Défense','4','FRANCE','Place des Vosges'),(5,'75005','Paris','5','FRANCE','Rue Thénard'),(6,'92400','Courbevoie La Défense','4','FRANCE','Place des Vosges'),(7,'92400','Courbevoie La Défense','4','FRANCE','Place des Vosges'),(8,'75005','Paris','5','FRANCE','Rue Thénard'),(9,'92400','Courbevoie La Défense','4','FRANCE','Place des Vosges'),(10,'92400','Courbevoie La Défense','4','FRANCE','Place des Vosges'),(11,'92400','Courbevoie La Défense','4','FRANCE','Place des Vosges'),(12,'92400','Courbevoie La Défense','4','FRANCE','Place des Vosges'),(13,'75005','Paris','6','FRANCE','Rue Thénard'),(14,'92400','Courbevoie La Défense','5','FRANCE','Place des Vosges'),(15,'75009','Paris','15','FRANCE','rue Taitbout'),(16,'75009','Paris','15','FRANCE','rue Taitbout'),(17,'75009','Paris','15','FRANCE','rue Taitbout'),(18,'75009','Paris','15','FRANCE','rue Taitbout');
/*!40000 ALTER TABLE `t_adresse` ENABLE KEYS */;
UNLOCK TABLES;

--
-- Table structure for table `t_client`
--

DROP TABLE IF EXISTS `t_client`;
/*!40101 SET @saved_cs_client     = @@character_set_client */;
/*!50503 SET character_set_client = utf8mb4 */;
CREATE TABLE `t_client` (
  `id` bigint NOT NULL AUTO_INCREMENT,
  `email` varchar(255) NOT NULL,
  `social_reason` varchar(255) NOT NULL DEFAULT '0',
  `adresse_id` bigint DEFAULT NULL,
  `company_id` bigint DEFAULT NULL,
  PRIMARY KEY (`id`),
  KEY `FKgqaooiuekeicdqpuvfs2lgc22` (`adresse_id`),
  KEY `FKrmxmvd7yuj589w2k2te7qrb6m` (`company_id`),
  CONSTRAINT `FKgqaooiuekeicdqpuvfs2lgc22` FOREIGN KEY (`adresse_id`) REFERENCES `t_adresse` (`id`),
  CONSTRAINT `FKrmxmvd7yuj589w2k2te7qrb6m` FOREIGN KEY (`company_id`) REFERENCES `t_company` (`id`)
) ENGINE=InnoDB AUTO_INCREMENT=4 DEFAULT CHARSET=utf8 COLLATE=utf8_general_ci;
/*!40101 SET character_set_client = @saved_cs_client */;

--
-- Dumping data for table `t_client`
--

LOCK TABLES `t_client` WRITE;
/*!40000 ALTER TABLE `t_client` DISABLE KEYS */;
INSERT INTO `t_client` VALUES (1,'odyssey.consulting@odyssey.com','Odyssey Consulting',13,1),(2,'emagine.consulting@emagine.com','Emagine Consulting',14,1),(3,'easy.partner@easy-partner.fr','Easy Partner',18,1);
/*!40000 ALTER TABLE `t_client` ENABLE KEYS */;
UNLOCK TABLES;

--
-- Table structure for table `t_company`
--

DROP TABLE IF EXISTS `t_company`;
/*!40101 SET @saved_cs_client     = @@character_set_client */;
/*!50503 SET character_set_client = utf8mb4 */;
CREATE TABLE `t_company` (
  `id` bigint NOT NULL AUTO_INCREMENT,
  `code_ape` varchar(255) DEFAULT NULL,
  `numero_bic` varchar(255) DEFAULT NULL,
  `numero_iban` varchar(255) DEFAULT NULL,
  `numero_tva` varchar(255) DEFAULT NULL,
  `rcsname` varchar(255) DEFAULT NULL,
  `siret` varchar(255) NOT NULL,
  `social_reason` varchar(255) NOT NULL,
  `status` varchar(255) NOT NULL,
  `adresse_id` bigint DEFAULT NULL,
  PRIMARY KEY (`id`),
  KEY `FKbjx03vmm17db3lx4ocrscixs9` (`adresse_id`),
  CONSTRAINT `FKbjx03vmm17db3lx4ocrscixs9` FOREIGN KEY (`adresse_id`) REFERENCES `t_adresse` (`id`)
) ENGINE=InnoDB AUTO_INCREMENT=3 DEFAULT CHARSET=utf8 COLLATE=utf8_general_ci;
/*!40101 SET character_set_client = @saved_cs_client */;

--
-- Dumping data for table `t_company`
--

LOCK TABLES `t_company` WRITE;
/*!40000 ALTER TABLE `t_company` DISABLE KEYS */;
INSERT INTO `t_company` VALUES (1,'6201Z','PSSTFRPPSCE','FR1720041010125407961J03367','FR18831502141','R.C.S. Nanterre 831 502 141','85292702900011','SBATEC Consulting','SASU au capital de 500 Euros',1),(2,'6201Z','CRLYFRPP','FR3330002008970000005896J14','FR18831502141','R.C.S. Nanterre 831 502 141','83150214100011','ALIATECK','SASU au capital de 500 Euros',2);
/*!40000 ALTER TABLE `t_company` ENABLE KEYS */;
UNLOCK TABLES;

--
-- Table structure for table `t_consultant`
--

DROP TABLE IF EXISTS `t_consultant`;
/*!40101 SET @saved_cs_client     = @@character_set_client */;
/*!50503 SET character_set_client = utf8mb4 */;
CREATE TABLE `t_consultant` (
  `id` bigint NOT NULL AUTO_INCREMENT,
  `last_name` varchar(255) NOT NULL DEFAULT '0',
  `first_name` varchar(255) NOT NULL DEFAULT '0',
  `email` varchar(255) NOT NULL,
  `fonction` varchar(255) NOT NULL DEFAULT '0',
  `company_id` bigint DEFAULT NULL,
  PRIMARY KEY (`id`),
  KEY `FK2vo95j5qxtnn4nbn1sieob907` (`company_id`),
  CONSTRAINT `FK2vo95j5qxtnn4nbn1sieob907` FOREIGN KEY (`company_id`) REFERENCES `t_company` (`id`)
) ENGINE=InnoDB AUTO_INCREMENT=4 DEFAULT CHARSET=utf8 COLLATE=utf8_general_ci;
/*!40101 SET character_set_client = @saved_cs_client */;

--
-- Dumping data for table `t_consultant`
--

LOCK TABLES `t_consultant` WRITE;
/*!40000 ALTER TABLE `t_consultant` DISABLE KEYS */;
INSERT INTO `t_consultant` VALUES (1,'ALIANE','Mustapha','mustapha.aliane@free.fr','Développeur Fullstack',1),(2,'ALIANE','Khalid','khalid@hotmail.fr','Développeur Fullstack',2),(3,'JERY','Hamed','jery@hotmail.fr','Assistance Technique Business Intelligence',2);
/*!40000 ALTER TABLE `t_consultant` ENABLE KEYS */;
UNLOCK TABLES;

--
-- Table structure for table `t_exercise`
--

DROP TABLE IF EXISTS `t_exercise`;
/*!40101 SET @saved_cs_client     = @@character_set_client */;
/*!50503 SET character_set_client = utf8mb4 */;
CREATE TABLE `t_exercise` (
  `id` bigint NOT NULL AUTO_INCREMENT,
  `exercise` varchar(255) NOT NULL,
  PRIMARY KEY (`id`)
) ENGINE=MyISAM AUTO_INCREMENT=7 DEFAULT CHARSET=utf8 COLLATE=utf8_general_ci;
/*!40101 SET character_set_client = @saved_cs_client */;

--
-- Dumping data for table `t_exercise`
--

LOCK TABLES `t_exercise` WRITE;
/*!40000 ALTER TABLE `t_exercise` DISABLE KEYS */;
INSERT INTO `t_exercise` VALUES (4,'2023'),(3,'2022'),(2,'2021'),(1,'Tous');
/*!40000 ALTER TABLE `t_exercise` ENABLE KEYS */;
UNLOCK TABLES;

--
-- Table structure for table `t_facture`
--

DROP TABLE IF EXISTS `t_facture`;
/*!40101 SET @saved_cs_client     = @@character_set_client */;
/*!50503 SET character_set_client = utf8mb4 */;
CREATE TABLE `t_facture` (
  `id` bigint NOT NULL AUTO_INCREMENT,
  `client_prestation` varchar(255) NOT NULL,
  `date_echeance` varchar(255) DEFAULT NULL,
  `date_encaissement` varchar(255) DEFAULT NULL,
  `date_facturation` varchar(255) DEFAULT NULL,
  `delai_paiement` bigint NOT NULL,
  `facture_status` varchar(255) DEFAULT NULL,
  `file_path` varchar(255) DEFAULT NULL,
  `file_name` varchar(255) DEFAULT NULL,
  `file_content` longblob,
  `frais_retard` float DEFAULT NULL,
  `mois_facture` varchar(255) DEFAULT NULL,
  `montanttva` float NOT NULL DEFAULT '0',
  `nb_jour_retard` bigint DEFAULT NULL,
  `numero_commande` varchar(255) NOT NULL,
  `numero_facture` varchar(255) DEFAULT NULL,
  `prix_totalht` float NOT NULL DEFAULT '0',
  `prix_totalttc` float NOT NULL DEFAULT '0',
  `quantite` float NOT NULL DEFAULT '0',
  `montant_tva` float NOT NULL,
  `status_desc` varchar(255) DEFAULT NULL,
  `tarifht` float NOT NULL,
  `facture_id` bigint DEFAULT NULL,
  PRIMARY KEY (`id`),
  KEY `FK4epk9gihnga26xmkj3ud9l5dw` (`facture_id`),
  CONSTRAINT `FK4epk9gihnga26xmkj3ud9l5dw` FOREIGN KEY (`facture_id`) REFERENCES `t_prestation` (`id`)
) ENGINE=InnoDB AUTO_INCREMENT=23 DEFAULT CHARSET=utf8 COLLATE=utf8_general_ci;
/*!40101 SET character_set_client = @saved_cs_client */;

--
-- Dumping data for table `t_facture`
--

LOCK TABLES `t_facture` WRITE;
/*!40000 ALTER TABLE `t_facture` DISABLE KEYS */;
INSERT INTO `t_facture` VALUES (1,'Odyssey Consulting','30/04/2021','30/04/2021','31/03/2021',30,'OK','\\2021\\03-Mars\\Facture Client\\Facture_Sbatec_Odyssey_202103_1000.pdf','Facture_Sbatec_Odyssey_202103_1000.pdf',_binary '%PDF-1.5\n%\\\\\n5 0 obj\n<</Filter/FlateDecode/Length 1431>>stream\nxX\r\6\\+d\a\\;YS{bEΤM\L!R\\uv~?eد\%J!\\0 \\}\Ͻ\=Ѵw\Z\\\_)3߁`\{/\(P\U\\\ٻ\B \( \\\g$\r>\=\t3s$\w\wX)e\s\0F$ۈ\ d>!v47#m\l(pUZ\\|\nCY&Y*=\\<,d.!0T_J=IA ,7\'\@V\ERJ\rSF\*ϊ`m\\cg\LT[Z<Wp\hU\\p\\	wz\\h\0.:ΈxYo=qY\;\'\\0\:\"0f\\d#׎(\1Kx3R\\\`	?x뮝m&!S\\G\	}4J\ȅ̓b\)<<\Gvr6\]MX\0\Gtծ\'v\@\ \_H.4$\>w\n\2IrUvH-Qnׄ#\\n3\\_0\X\\\F9?\-	0\w\nüVi5Wi	\%\\IQ\W\OT\T\\1\yd\,Z`4Q9|ʪ\u-?cϳ8:\XA[#1=MSIs2jE\i5\\LcX\\_\dHM\\À\\#L:)\TLQ&PRU\\\n+c\N\Z-JR\Yb̉bg\ߗF\\KWڨ\L)[sh\\)\g$I\:]Ϥ>ByyL\\\pW_ר]\\B\\~P&\e\=Y\\\/Wovo-\lq\֚\\\\.Y\0ݮL\TA\\z[!5D\ZK\\2ʓ[\+u-.w\>ef}gFX\=+\\`4wf܄6\\`\l\\\\\\`s\0\ʺ\f׳\2p\{pplb|e5\\P\a\Ɉ\Z\\\0huT\\BCX9\N#*\TD]K\,Us\\\\!\!\r!+HX\bX~Ē\SG\0Akj*\>se.ɢJnx qT$o\\\nj-]\\r\r-`-ᳱZ,%iH\\~\\\"@(B\'`D\_$w\\\0ȔX/i\\u\;\بk=G\0$\\\njyf7\`o,Ya\\_oƸ\\\#\K qޙ*\Zop#\pW}]\O\tB\Zj\\K.q)g|5׽\\H\:A<!la\e6̛\\'\0x3{_u7EK\#/]\|i\\n%Z\\K\>\1~`I\/\\k*UZ#x\ZI\Y@\O\c8S7븃2W\0\\\A>\\Y\89\h2\ƣ\dϗ^f1\nendstream\nendobj\n1 0 obj\n<</Tabs/S/Group<</S/Transparency/Type/Group/CS/DeviceRGB>>/Contents 5 0 R/Type/Page/Resources<</ColorSpace<</CS/DeviceRGB>>/ProcSet [/PDF /Text /ImageB /ImageC /ImageI]/Font<</F1 2 0 R/F2 3 0 R/F3 4 0 R>>>>/Parent 6 0 R/MediaBox[0 0 595 842]>>\nendobj\n7 0 obj\n[1 0 R/XYZ 0 852 0]\nendobj\n2 0 obj\n<</Subtype/Type1/Type/Font/BaseFont/Helvetica/Encoding/WinAnsiEncoding>>\nendobj\n3 0 obj\n<</Subtype/Type1/Type/Font/BaseFont/Helvetica-Bold/Encoding/WinAnsiEncoding>>\nendobj\n4 0 obj\n<</Subtype/Type1/Type/Font/BaseFont/Helvetica-BoldOblique/Encoding/WinAnsiEncoding>>\nendobj\n6 0 obj\n<</Kids[1 0 R]/Type/Pages/Count 1/ITXT(2.1.7)>>\nendobj\n8 0 obj\n<</Names[(JR_PAGE_ANCHOR_0_1) 7 0 R]>>\nendobj\n9 0 obj\n<</Dests 8 0 R>>\nendobj\n10 0 obj\n<</Names 9 0 R/Type/Catalog/Pages 6 0 R/ViewerPreferences<</PrintScaling/AppDefault>>>>\nendobj\n11 0 obj\n<</ModDate(D:20220205205556+01\'00\')/Creator(JasperReports Library version 6.16.0-48579d909b7943b64690c65c71e07e0b80981928)/CreationDate(D:20220205205556+01\'00\')/Producer(iText 2.1.7 by 1T3XT)>>\nendobj\nxref\n0 12\n0000000000 65535 f \n0000001514 00000 n \n0000001808 00000 n \n0000001896 00000 n \n0000001989 00000 n \n0000000015 00000 n \n0000002089 00000 n \n0000001773 00000 n \n0000002152 00000 n \n0000002206 00000 n \n0000002238 00000 n \n0000002342 00000 n \ntrailer\n<</Info 11 0 R/ID [<852be9e440d544feb50fd8cbfb538b82><b5ef7873100f63c53a6ed81c77151704>]/Root 10 0 R/Size 12>>\nstartxref\n2552\n%%EOF\n',0,'Mars',0,0,'N°12.12.19.05.00.01','20210331-1000',10810,12972,23,2162,'Acquitté',470,1),(2,'Odyssey Consulting','30/05/2021','30/05/2021','30/04/2021',30,'OK','\\2021\\04-Avril\\Facture Client\\Facture_Sbatec_Odyssey_202104_1001.pdf','Facture_Sbatec_Odyssey_202104_1001.pdf',_binary '%PDF-1.5\n%\\\\\n5 0 obj\n<</Filter/FlateDecode/Length 1434>>stream\nxX\r\6\)\I2\0\0\7YS{bEΤM	\L!R\\\}?B)ǰO\%J1!;	ķ\\\~\σ``;\hp\Z\\\_)3\g,/\(P\\\\݊c\A\1z9\N\Fiْ;\;Q\~@J6\ ]DO0@\	]jqg\4[<J)V72`,8M`3\[\\|&ibRꅌ4\\o9l8{P.\Bj-N\,\{\\\[\ȚYhPY)WyW\Q\K=\\{SΦ@=l*P茈uv\0\C@e\߷9߅\\\6\#-e\XKx}\sg\\!%\\R]Ta\"\*~$s\-\EG{q1Ld\{vd\\..*w\p<:\jl\APҒ9u]bam\[W-%e\]A(F\23Ut@pY[\-	G\/akĈpm\\\$ע[ZAm\B%\*UR\y_A?)ejSrdc\\dY@$V|Jˬ1i6\Fmژ\\\ /e\\TF[Q\,JB{|I(&\4\\8\Y0s* \reﾁ\\x8D\\eK\,;Q\f\F\pQ[B\Rs )dyk6-p><?<+3\Y=\-@Ws\b4\<e}\P\n+2!<h>j*\@ \03=\Պq\kưްYOv\\dwWHUϓ\v%\Z\B\}XoKdx?lmځ\%= hGd-e~\[a[\\"5ľ3^mF,\ۗ.0\\rID戶\ʃ\0\*\\`s\\\\\XJd=\\P7\\\`#\SLW=4ۖ\J\pX^=\T$}TDEKĬLs\\\\\!\9\rIWD\\n(K#VD$~\\?hL\rU%\&\i\ez\\%2ځQ\.\.WX\K\w-^7\U\hM\r\rI\1Vo\-p$ܷ<Okktb\OG3)iAL1Ȫu1s\rג w+h\a\piH:e^\łKF\\Q\\\#\KsQ޹\\\$\YU\M\V-TcCڟ(tFj\\+.qQ3{=׃\\og	o \!\`U\}̛\g\0z3{_uw)\\r.M=\d-xYF\k	\\\\q\\0\Z\\\F\tĚ\ng\\C\'I\\Φ\EA\q%(7^\\CE\1Lf\l:\|\l\nendstream\nendobj\n1 0 obj\n<</Tabs/S/Group<</S/Transparency/Type/Group/CS/DeviceRGB>>/Contents 5 0 R/Type/Page/Resources<</ColorSpace<</CS/DeviceRGB>>/ProcSet [/PDF /Text /ImageB /ImageC /ImageI]/Font<</F1 2 0 R/F2 3 0 R/F3 4 0 R>>>>/Parent 6 0 R/MediaBox[0 0 595 842]>>\nendobj\n7 0 obj\n[1 0 R/XYZ 0 852 0]\nendobj\n2 0 obj\n<</Subtype/Type1/Type/Font/BaseFont/Helvetica/Encoding/WinAnsiEncoding>>\nendobj\n3 0 obj\n<</Subtype/Type1/Type/Font/BaseFont/Helvetica-Bold/Encoding/WinAnsiEncoding>>\nendobj\n4 0 obj\n<</Subtype/Type1/Type/Font/BaseFont/Helvetica-BoldOblique/Encoding/WinAnsiEncoding>>\nendobj\n6 0 obj\n<</Kids[1 0 R]/Type/Pages/Count 1/ITXT(2.1.7)>>\nendobj\n8 0 obj\n<</Names[(JR_PAGE_ANCHOR_0_1) 7 0 R]>>\nendobj\n9 0 obj\n<</Dests 8 0 R>>\nendobj\n10 0 obj\n<</Names 9 0 R/Type/Catalog/Pages 6 0 R/ViewerPreferences<</PrintScaling/AppDefault>>>>\nendobj\n11 0 obj\n<</ModDate(D:20220205205623+01\'00\')/Creator(JasperReports Library version 6.16.0-48579d909b7943b64690c65c71e07e0b80981928)/CreationDate(D:20220205205623+01\'00\')/Producer(iText 2.1.7 by 1T3XT)>>\nendobj\nxref\n0 12\n0000000000 65535 f \n0000001517 00000 n \n0000001811 00000 n \n0000001899 00000 n \n0000001992 00000 n \n0000000015 00000 n \n0000002092 00000 n \n0000001776 00000 n \n0000002155 00000 n \n0000002209 00000 n \n0000002241 00000 n \n0000002345 00000 n \ntrailer\n<</Info 11 0 R/ID [<7225a386f46f3c77c494e876e2bff3dd><2328338c66a697a3cc626d85969fa00b>]/Root 10 0 R/Size 12>>\nstartxref\n2555\n%%EOF\n',0,'Avril',0,0,'N°12.12.19.05.00.01','20210430-1001',9635,11562,20.5,1927,'Acquitté',470,1),(3,'Odyssey Consulting','30/06/2021','30/06/2021','31/05/2021',30,'OK','\\2021\\05-Mai\\Facture Client\\Facture_Sbatec_Odyssey_202105_1002.pdf','Facture_Sbatec_Odyssey_202105_1002.pdf',_binary '%PDF-1.5\n%\\\\\n5 0 obj\n<</Filter/FlateDecode/Length 1431>>stream\nxXMr\6\\o\I2\0\0\;ٱ{lEΤM\L!R\\\zG葲{>Pd\\H\\?\A@<&\\\J\8h\{qJzOE\\\C?\]<Ȁz\A\,\\\\Q?:9\,-*]&\\I`c\r\I#\v@J.s]!M\@0@\\r}\poS5k<J)eV72@IJ}a\"t­LJ%\3Y\rqd\'\0Q`8\6W\z=rjKK\\n\"8Zw5%!4p­r:\Z\R\B3\"^\\\0de\\V\#\\\^|fwG\\\\b	2KGWp\1Kx3R\\g	?x+d\D D\u!H\;@鷞\c	\<)\\S|j\)\	A%0r@HW\\k\n\81X\!\В[p\b$q;\lyr$V^ƺJߥ\\t%\]\\MV3P\\B^K5|JM*`\"KU\&ˢ&*Oçʛ]\3,K=\}$6fIb\~a\2i.TFY>\ҴF}|i,\kɼ{P,A=\\\.@H$\ZE```D+EYU. 2Q\1\\\$I%Ɯ(v{f+}i8YҨ\q:̔5x\\b\,֞$iY\\\\bq6#\r1i\\\\\ZTH\0\ʄ\n\a\H2\Lf\x\x˵{c\\lYN6\\ds{W\\\$\֏˺HiCt\r4\\\62C\[;лt(H\(\<\nL\\kCw,3C\;\5j\\\my\를А\D`xwA;\\\ba]\03ӫ\\q\\.\=8{86!زlq\\\k\npň\Zc\\\ZE\]\'\?@CX8pOE2hD\BH\vn\\68$\_	+\uˏX\r:b\\ZSCUp\sJHWΊeXdQ%7X;7\y7\\n\y_	\]\\\X\4\jF`7na#Y\m][;\v:\e6i\Zn[5w-\[A\r4o\,͖CV57lQT\\/\7z\y	\#\;UE\Mr\u\%ZC\0\juΗHW\yŅ!.r\.\7\\	\C\\\Dj\Ǽy~<>y\o\w\\\UwеHpiZK\F\n4п8\1~`\\/\K*VZ#x\ZI\Y@ώC8Q7븃2\p =q\,b\p<NG\\x\7^\N\nendstream\nendobj\n1 0 obj\n<</Tabs/S/Group<</S/Transparency/Type/Group/CS/DeviceRGB>>/Contents 5 0 R/Type/Page/Resources<</ColorSpace<</CS/DeviceRGB>>/ProcSet [/PDF /Text /ImageB /ImageC /ImageI]/Font<</F1 2 0 R/F2 3 0 R/F3 4 0 R>>>>/Parent 6 0 R/MediaBox[0 0 595 842]>>\nendobj\n7 0 obj\n[1 0 R/XYZ 0 852 0]\nendobj\n2 0 obj\n<</Subtype/Type1/Type/Font/BaseFont/Helvetica/Encoding/WinAnsiEncoding>>\nendobj\n3 0 obj\n<</Subtype/Type1/Type/Font/BaseFont/Helvetica-Bold/Encoding/WinAnsiEncoding>>\nendobj\n4 0 obj\n<</Subtype/Type1/Type/Font/BaseFont/Helvetica-BoldOblique/Encoding/WinAnsiEncoding>>\nendobj\n6 0 obj\n<</Kids[1 0 R]/Type/Pages/Count 1/ITXT(2.1.7)>>\nendobj\n8 0 obj\n<</Names[(JR_PAGE_ANCHOR_0_1) 7 0 R]>>\nendobj\n9 0 obj\n<</Dests 8 0 R>>\nendobj\n10 0 obj\n<</Names 9 0 R/Type/Catalog/Pages 6 0 R/ViewerPreferences<</PrintScaling/AppDefault>>>>\nendobj\n11 0 obj\n<</ModDate(D:20220205205636+01\'00\')/Creator(JasperReports Library version 6.16.0-48579d909b7943b64690c65c71e07e0b80981928)/CreationDate(D:20220205205636+01\'00\')/Producer(iText 2.1.7 by 1T3XT)>>\nendobj\nxref\n0 12\n0000000000 65535 f \n0000001514 00000 n \n0000001808 00000 n \n0000001896 00000 n \n0000001989 00000 n \n0000000015 00000 n \n0000002089 00000 n \n0000001773 00000 n \n0000002152 00000 n \n0000002206 00000 n \n0000002238 00000 n \n0000002342 00000 n \ntrailer\n<</Info 11 0 R/ID [<721ab7c07d44d23bdbac51baedfab68e><9976328590a1cc424b042c2265ab719e>]/Root 10 0 R/Size 12>>\nstartxref\n2552\n%%EOF\n',0,'Mai',0,0,'N°12.12.19.05.00.01','20210531-1002',9400,11280,20,1880,'Acquitté',470,1),(4,'Odyssey Consulting','30/07/2021','30/07/2021','30/06/2021',30,'OK','\\2021\\06-Juin\\Facture Client\\Facture_Sbatec_Odyssey_202106_1003.pdf','Facture_Sbatec_Odyssey_202106_1003.pdf',_binary '%PDF-1.5\n%\\\\\n5 0 obj\n<</Filter/FlateDecode/Length 1430>>stream\nxXMr\6\\o\I2\0\0y\'+vjO(ә\`)D*q]\\=RaO\J,;B4u<`\~\Ͻ\\i\4\\1пR C\ ^Q\\\g\'w@2PH |\'p2~\ŬtrҏO0ȳVU\f\9\qb\A\2\5\"\F=!\P\0U\I^+y#)E\PP\ENyz~)\\\e\!7\`ҟQC\"i%L%h)N\\"/̓c3qPmY%BB\RGr[\QA@C\'\\)gca.\Y(X#\e-@P$U]H{/\ŷaX\"0\\C\_-Q\\;.\Ǜ闲_?8u\w<o\l\\uaH?9\N!P\FD;Nd\\)\nq88U6\\Qb\b݀8~\@\]\\\0F\҇c[\\Z@&i!+{\vI8%Ѧ/\lS%FD\Rs\N\oIC70t浄\\Lɹ\*(e!hJ\zRgRצD0,\Q\#e\SYd,\S^\kx\\\\ډ\>\4\u\\8\0*FԼ\Y֠>>,\%,N֊\\Da\caTiՔ 3$\"000⼮V\W\\i\'(pښld\SmN;4h\FDVZHf*Q\\C+<O\\\JO1pkOҬj+P\L#t$/\ǔh}w5\uڕ\^*$N\eBI=\a\d\Z\\r\_\WkƤ=ݲlI\:a\\[?./2e-ѵ%\ZhBS\g\\\\l\6fw\P\nQFEz5B\`c\z\\\5\kՈ\\gF\H\Dt`gj\\r8XX)@\\zp\\\0{\=\_nYMT\d{\7\\bĭ?\@{yFs׉P)0q\:\\R-T\\yQB,nC	IWD\\n(&\#VDW,\\w\sJkQ\,\kFyH\\a9Q\"\\"o[0oEh\h	kI4M\b)I\1o\Q8E9!\%k\\!$w\\\\0Ȕ/i\M\:Dٶ#p\Z\\n5о=\\nԷ[:y\.$\߰Eq\R\?\ӿ\7ܨ\\%(\L7Y\4mSh\ɾ\'nX!_ukז3w5W\oH\x\:A<!\`e}̛\\'\0x3{_ٛGAK\\"/]\؊h\r^\(\\Z@yh\ZF\!=ln\pV+\\\$o\0=?\\lL\H8\\<$@ #f\\|p\$>F=_y0K\\nendstream\nendobj\n1 0 obj\n<</Tabs/S/Group<</S/Transparency/Type/Group/CS/DeviceRGB>>/Contents 5 0 R/Type/Page/Resources<</ColorSpace<</CS/DeviceRGB>>/ProcSet [/PDF /Text /ImageB /ImageC /ImageI]/Font<</F1 2 0 R/F2 3 0 R/F3 4 0 R>>>>/Parent 6 0 R/MediaBox[0 0 595 842]>>\nendobj\n7 0 obj\n[1 0 R/XYZ 0 852 0]\nendobj\n2 0 obj\n<</Subtype/Type1/Type/Font/BaseFont/Helvetica/Encoding/WinAnsiEncoding>>\nendobj\n3 0 obj\n<</Subtype/Type1/Type/Font/BaseFont/Helvetica-Bold/Encoding/WinAnsiEncoding>>\nendobj\n4 0 obj\n<</Subtype/Type1/Type/Font/BaseFont/Helvetica-BoldOblique/Encoding/WinAnsiEncoding>>\nendobj\n6 0 obj\n<</Kids[1 0 R]/Type/Pages/Count 1/ITXT(2.1.7)>>\nendobj\n8 0 obj\n<</Names[(JR_PAGE_ANCHOR_0_1) 7 0 R]>>\nendobj\n9 0 obj\n<</Dests 8 0 R>>\nendobj\n10 0 obj\n<</Names 9 0 R/Type/Catalog/Pages 6 0 R/ViewerPreferences<</PrintScaling/AppDefault>>>>\nendobj\n11 0 obj\n<</ModDate(D:20220205205648+01\'00\')/Creator(JasperReports Library version 6.16.0-48579d909b7943b64690c65c71e07e0b80981928)/CreationDate(D:20220205205648+01\'00\')/Producer(iText 2.1.7 by 1T3XT)>>\nendobj\nxref\n0 12\n0000000000 65535 f \n0000001513 00000 n \n0000001807 00000 n \n0000001895 00000 n \n0000001988 00000 n \n0000000015 00000 n \n0000002088 00000 n \n0000001772 00000 n \n0000002151 00000 n \n0000002205 00000 n \n0000002237 00000 n \n0000002341 00000 n \ntrailer\n<</Info 11 0 R/ID [<ee25cc67be0984ec60a519b8542281d8><1338f692f593038592bbd224ff02878e>]/Root 10 0 R/Size 12>>\nstartxref\n2551\n%%EOF\n',0,'Juin',0,0,'N°12.12.19.05.00.01','20210630-1003',9870,11844,21,1974,'Acquitté',470,1),(5,'Accor Hotels','30/08/2021','30/08/2021','31/07/2021',30,'OK','\\2021\\07-Juillet\\Facture Client\\Facture_Sbatec_Emagine_202107_1000.pdf','Facture_Sbatec_Emagine_202107_1000.pdf',_binary '%PDF-1.5\n%\\\\\n5 0 obj\n<</Filter/FlateDecode/Length 1440>>stream\nxXMr\6\\o\I2\0\0w\"7؎\"1Y\`)D*q\zG\2\)@eGfG,\\w\\M{è\\\J\8h\{uJ{\_D\\\\C?\.d@y4\|rҏdiQ\2Ig\H8NvR\w\\\Zl#@X\\\Ч۪\\QJ\$.ed\P\NyR~y!\\&E\\`ҟ|\0YA,I)5L)U\\ZO\\8Ty p)UyW\QO\'\\)cA\0.\Y(tF\ˊ-@P\e\0^:\ŷa.\\\4K,A&uDq=c1\Y\%NrD8J\ae0\n3U8].\\xc4\r*RY\\\\\ZSїvz:\_]M@PxJl\M\U\>q0)ہ\\\0}\\qW\Z@&I\\0.ٲ\v80\"+F\@L.h\\0\\n\3\*-P:)jY8Cu*KU\G&*O\gf׍R)gIqt\0bO\Ɣ5M(B&\ʨ5˧Y֨+\=\\Z̻%G5RP)ҋFH\JQV*c8iL\*IagI\\\E{f+Ci8Y\q:┲3x\\^b\,מ%iY\\\G\bq6_ 91i\\\\ZTH\0\ʄzX6\=\\/W\zX=\\f\j=\-n\'\Cܻn\\"old6+@z:\\z_!_D\Z\}H\2ʓ;\+\[\u\>ef\~gFX\ە\0^JD\m$\Z\{\"\\i\np.S\\L.\=8{<6!ܲlq\\o\np\ZI\\0\#\\r\\=\'\\Ɓ\\\'4!zYjMɻ\#\	nCN\r\0\\B\'\KG\0Ij*AΝ^y\B%*\ҁQ\-VX\+L\w]6\\"4\\$\\j\\\Q(\"\\\o\\&@Ă|M \\A\F\]9%A\nVP\+5C\+}\\U\B|;.\\n\F3WO(/@<a3U4\$gy]7=\F\r\V\'\W\tB\Zڮ^\^S\\\\\&\\"\\؇)ڴ1\\޼\\\\k0z\Yh껨Pō\e\W0F?\\\\\bN+<\0]$з\'\c8S7븃2\\\,q\,b\h2Nǣ\d\\]̔`\nendstream\nendobj\n1 0 obj\n<</Tabs/S/Group<</S/Transparency/Type/Group/CS/DeviceRGB>>/Contents 5 0 R/Type/Page/Resources<</ColorSpace<</CS/DeviceRGB>>/ProcSet [/PDF /Text /ImageB /ImageC /ImageI]/Font<</F1 2 0 R/F2 3 0 R/F3 4 0 R>>>>/Parent 6 0 R/MediaBox[0 0 595 842]>>\nendobj\n7 0 obj\n[1 0 R/XYZ 0 852 0]\nendobj\n2 0 obj\n<</Subtype/Type1/Type/Font/BaseFont/Helvetica/Encoding/WinAnsiEncoding>>\nendobj\n3 0 obj\n<</Subtype/Type1/Type/Font/BaseFont/Helvetica-Bold/Encoding/WinAnsiEncoding>>\nendobj\n4 0 obj\n<</Subtype/Type1/Type/Font/BaseFont/Helvetica-BoldOblique/Encoding/WinAnsiEncoding>>\nendobj\n6 0 obj\n<</Kids[1 0 R]/Type/Pages/Count 1/ITXT(2.1.7)>>\nendobj\n8 0 obj\n<</Names[(JR_PAGE_ANCHOR_0_1) 7 0 R]>>\nendobj\n9 0 obj\n<</Dests 8 0 R>>\nendobj\n10 0 obj\n<</Names 9 0 R/Type/Catalog/Pages 6 0 R/ViewerPreferences<</PrintScaling/AppDefault>>>>\nendobj\n11 0 obj\n<</ModDate(D:20220205205725+01\'00\')/Creator(JasperReports Library version 6.16.0-48579d909b7943b64690c65c71e07e0b80981928)/CreationDate(D:20220205205725+01\'00\')/Producer(iText 2.1.7 by 1T3XT)>>\nendobj\nxref\n0 12\n0000000000 65535 f \n0000001523 00000 n \n0000001817 00000 n \n0000001905 00000 n \n0000001998 00000 n \n0000000015 00000 n \n0000002098 00000 n \n0000001782 00000 n \n0000002161 00000 n \n0000002215 00000 n \n0000002247 00000 n \n0000002351 00000 n \ntrailer\n<</Info 11 0 R/ID [<1213a88067780c0af3e82fd730c14dfa><8c610f92fcdb7457f239f11bb609dbe3>]/Root 10 0 R/Size 12>>\nstartxref\n2561\n%%EOF\n',0,'Juillet',0,0,'N°13.21.19.05.14.01','20210731-1000',7840,9408,16,1568,'Acquitté',490,2),(6,'Accor Hotels','30/09/2021','30/09/2021','31/08/2021',30,'OK','\\2021\\08-Août\\Facture Client\\Facture_Sbatec_Emagine_202108_1001.pdf','Facture_Sbatec_Emagine_202108_1001.pdf',_binary '%PDF-1.5\n%\\\\\n5 0 obj\n<</Filter/FlateDecode/Length 1441>>stream\nxXMr\6\\o\I2\0\0w\"7؎\"1Y\`)D*q\zG\2\\%J!:	\0\{x\\\I\sD@4\\r\3+\;\y\\)J \=}6{7[\P8|\A\,\\\I?\Z`E\$#	̾s쯿\8m\\\rH)\ekDxB\a!BhG@sC:\\lfG)\\V\SeR?@}t:\\\B\\J%\\sYz\rId\\$\0U`VyV\0kk=\;g\\\R幂V\]\rGI>\rp\Cg\/+\0\c@U\xa\߆#s\l.`\\\Y\p.gI@8aN\A\x\\+\6*\H(\cV\TxvpGs\v2\4ȪJ\fs	\k\rL\\G_\y\\9v5A\)e7vDHW\l ֟\84d\cP\2IrUvqA̖=\h\\	^1\X\e\w%G\\$\\\r݆9Wi5Wi	\%\\IQ\W\Ϫ\\)\SY\\<2-0Uy>c5n\J<Ke\}\"6ib\@a2i.p\0TFY>\ҴF}\\\4\,\5N֊\\d\=\,A=\n%e]J^4@V\\PApm,IcVI\n\<K\&/\3[\J\Ɋ\\md+mԁ՝9\\\n\\g,I\:]Ϥ>BɉyL\\\pW\Ԩ]\\B\\~P&\ò1\yH=\Lg\x\"\{\j\76[V\!nu;\\\u+5y|c맔\u]$]\\\\l\\n\"@\\r\Cz\0vQ\AP&X\MԵ\zC,3C;\5j\\.خ<p\\R\"4$\\n\'-l\\bo)\ºLf׳\\2\k\\؄r\j=\-n\'\þ)e\#j)&ݫܣ7\\\7\\\'?<<IEг\RoH\u\Npr⯈P.:\DW:b\U\T	/\^\`JUri[$ySWUk`\Z0m\EhhkI\b)IC1	Q8rE:\%۵C6J1G\f	\) _dӦ/\\sQs\ja`I\@J\o\J\li9:dU\|\Ł5\_oƸ\\\\K O\L7\Y^\MOh\ɾn:[!n\\{/qf\j{_gux\C\\Hmژ`no\E\Iwcе`_\`T\E,n$\\/~1~`\˯\[\k)VZ#x:H\",oO\p:>n$\qe⣫\3Y\Y\8y;8\dGɞ0C\nendstream\nendobj\n1 0 obj\n<</Tabs/S/Group<</S/Transparency/Type/Group/CS/DeviceRGB>>/Contents 5 0 R/Type/Page/Resources<</ColorSpace<</CS/DeviceRGB>>/ProcSet [/PDF /Text /ImageB /ImageC /ImageI]/Font<</F1 2 0 R/F2 3 0 R/F3 4 0 R>>>>/Parent 6 0 R/MediaBox[0 0 595 842]>>\nendobj\n7 0 obj\n[1 0 R/XYZ 0 852 0]\nendobj\n2 0 obj\n<</Subtype/Type1/Type/Font/BaseFont/Helvetica/Encoding/WinAnsiEncoding>>\nendobj\n3 0 obj\n<</Subtype/Type1/Type/Font/BaseFont/Helvetica-Bold/Encoding/WinAnsiEncoding>>\nendobj\n4 0 obj\n<</Subtype/Type1/Type/Font/BaseFont/Helvetica-BoldOblique/Encoding/WinAnsiEncoding>>\nendobj\n6 0 obj\n<</Kids[1 0 R]/Type/Pages/Count 1/ITXT(2.1.7)>>\nendobj\n8 0 obj\n<</Names[(JR_PAGE_ANCHOR_0_1) 7 0 R]>>\nendobj\n9 0 obj\n<</Dests 8 0 R>>\nendobj\n10 0 obj\n<</Names 9 0 R/Type/Catalog/Pages 6 0 R/ViewerPreferences<</PrintScaling/AppDefault>>>>\nendobj\n11 0 obj\n<</ModDate(D:20220205210428+01\'00\')/Creator(JasperReports Library version 6.16.0-48579d909b7943b64690c65c71e07e0b80981928)/CreationDate(D:20220205210428+01\'00\')/Producer(iText 2.1.7 by 1T3XT)>>\nendobj\nxref\n0 12\n0000000000 65535 f \n0000001524 00000 n \n0000001818 00000 n \n0000001906 00000 n \n0000001999 00000 n \n0000000015 00000 n \n0000002099 00000 n \n0000001783 00000 n \n0000002162 00000 n \n0000002216 00000 n \n0000002248 00000 n \n0000002352 00000 n \ntrailer\n<</Info 11 0 R/ID [<a2daa45c767d6cdf7fa74c7aef52bf0b><3dc16442d6ed8d0be16785fa68462dc9>]/Root 10 0 R/Size 12>>\nstartxref\n2562\n%%EOF\n',0,'Août',0,0,'N°13.21.19.05.14.01','20210831-1001',5880,7056,12,1176,'Acquitté',490,2),(7,'Accor Hotels','30/10/2021','30/10/2021','30/09/2021',30,'OK','\\2021\\09-Septembre\\Facture Client\\Facture_Sbatec_Emagine_202109_1002.pdf','Facture_Sbatec_Emagine_202109_1002.pdf',_binary '%PDF-1.5\n%\\\\\n5 0 obj\n<</Filter/FlateDecode/Length 1445>>stream\nxX\r\6\\+d\a\\;YxlG,\tS\\">/\rB?)˰_\J,;B4CM\#@<_z\'Q{io\_)3߁`\{N)P\u\\ٻ\B ?|( \\\g$\r>\=\\0YZTLҙ9\\\F݀29s]#m\e2B;\޶j6xR8\*ne>KY&Y*\G\<,d.!0T_^H=IA ,7\'@V\ERJ\rSFag\\S\3p&--U+8Ep\j8JBi\;=\t4SBgD\ʸr\\\rC\\{m\:\"0f\\d#(\Z\c̒?s9KRu\"sB\]{%\F0\2V	|̊*~\\\xh\\\B&0Y_\,Qp.\u}\BT)\їvz:\_]M@PxJ,#B\&\ف(` \\Вr}8\\nB1@d\\\-}nW#\\nakEZ\_B4\~K\\0\\n\3\*-P:)jY@cu*KU\G&*O\gf׍R)gIqt\0b\'bcΚ&y!\@eԊ\\,Mk\ǕLcX\\_\dHM\\À\գ\ZPR\EdJh(\\\\\1\n4&[h0ͳl=4\\FX\\F\qJYݙCK<O\pm8˵gIZ\%\z&X\\N\cZ6>\F\*g/\'2.֍y\E\afz={<\\o\[=\\f\j=\-n\'\Cܻn\\"Wlld6+0\BP\c\WH\\?\x\@\ 7\*2\no\\\\\\ר\v\3\\,\\\n,Bx$\\97\\.s\\\\\\=_nYM\\d{\7pfk=ơh`:@)7tݎJ\}\7ő\?c\"<MEе\RoH\un\ZiY7D\(\\nK\"ë\/\\'\r\$\\%%+iŋ2X\dQ%X<8E7\n\y_	V\]\\X-4$\z`?raE []\QIr7\ML\"6A^\sK\ݮjz\-\fK\\!\;(\\:}3ƍf^\T\x\u\t6Z\\j_q\\\nikf^}aM9㫹\ME\\r\	\aS.#id1y\r\\'ݍ)Bn0\z\4Q\E-n$\\/1B%;o\,pZi\\$g}{ҿ<\1q#;(s0EcM&\\x4\\\?\\nendstream\nendobj\n1 0 obj\n<</Tabs/S/Group<</S/Transparency/Type/Group/CS/DeviceRGB>>/Contents 5 0 R/Type/Page/Resources<</ColorSpace<</CS/DeviceRGB>>/ProcSet [/PDF /Text /ImageB /ImageC /ImageI]/Font<</F1 2 0 R/F2 3 0 R/F3 4 0 R>>>>/Parent 6 0 R/MediaBox[0 0 595 842]>>\nendobj\n7 0 obj\n[1 0 R/XYZ 0 852 0]\nendobj\n2 0 obj\n<</Subtype/Type1/Type/Font/BaseFont/Helvetica/Encoding/WinAnsiEncoding>>\nendobj\n3 0 obj\n<</Subtype/Type1/Type/Font/BaseFont/Helvetica-Bold/Encoding/WinAnsiEncoding>>\nendobj\n4 0 obj\n<</Subtype/Type1/Type/Font/BaseFont/Helvetica-BoldOblique/Encoding/WinAnsiEncoding>>\nendobj\n6 0 obj\n<</Kids[1 0 R]/Type/Pages/Count 1/ITXT(2.1.7)>>\nendobj\n8 0 obj\n<</Names[(JR_PAGE_ANCHOR_0_1) 7 0 R]>>\nendobj\n9 0 obj\n<</Dests 8 0 R>>\nendobj\n10 0 obj\n<</Names 9 0 R/Type/Catalog/Pages 6 0 R/ViewerPreferences<</PrintScaling/AppDefault>>>>\nendobj\n11 0 obj\n<</ModDate(D:20220205210556+01\'00\')/Creator(JasperReports Library version 6.16.0-48579d909b7943b64690c65c71e07e0b80981928)/CreationDate(D:20220205210556+01\'00\')/Producer(iText 2.1.7 by 1T3XT)>>\nendobj\nxref\n0 12\n0000000000 65535 f \n0000001528 00000 n \n0000001822 00000 n \n0000001910 00000 n \n0000002003 00000 n \n0000000015 00000 n \n0000002103 00000 n \n0000001787 00000 n \n0000002166 00000 n \n0000002220 00000 n \n0000002252 00000 n \n0000002356 00000 n \ntrailer\n<</Info 11 0 R/ID [<e1ba93643926f7772855bfedf9b77c8b><3fe01ef83693319678fcb37ed15e7894>]/Root 10 0 R/Size 12>>\nstartxref\n2566\n%%EOF\n',0,'Septembre',0,0,'N°13.21.19.05.14.01','20210930-1002',10780,12936,22,2156,'Acquitté',490,2),(8,'Accor Hotels','30/11/2021','30/11/2021','31/10/2021',30,'OK','\\2021\\10-Octobre\\Facture Client\\Facture_Sbatec_Emagine_202110_1003.pdf','Facture_Sbatec_Emagine_202110_1003.pdf',_binary '%PDF-1.5\n%\\\\\n5 0 obj\n<</Filter/FlateDecode/Length 1441>>stream\nxXMr\6\\o\I2\0\0w\"7؎\"1Y\`)D*q\zG\2\)@eGfG,\\w\\M{è\\\J\8h\{uJ{\_D\\\\C?\.d@y4\|rҏdiQ\2Ig\H8NvR\w\\\Zl#@X\\\Ч۪\\QJ\$.ed\P\NyR~y!\\&E\\`ҟ|\0YA,I)5L)U\\ZO\\8Ty p)UyW\QO\'\\)cA\0.\Y(tF\ˊ-@P\e\0^:\ŷa.\\\4K,A&uDq=c1\Y\%NrD8J\ae0\n3U8].\\xc4\r*RY\\\\\ZSїvz:\_]M@PxJlٍy\}\`RxGuCCKƉ>\+\p- $Wew\l\sPV\^Qƺ&P,SK-/?\Zv%&|n`\6̹LJK(T.!N\Z~V&N!\P\R\(\ɽh\\D\\u#T\n\YR@l,\\1eM\\nIs2jE\i5\\JDO,`a\qV$&\a@=f	\QT()\TQ%RU\꿇\nkc\N\Z-JR\YR6xў\\nP\ZNV\j#C,u\\i8\̡%W\\pm8˵gIZ\%\z&X\HN\cZ6>\F\*g/\'2y\C\afz={<\\\#VkƸ9ٲlq\\[a\\[?\\"\r\J?Є`\W\\?lx\@\ 5\*2\no\sd\Q#wv\3殗!.v?hgFѽ\0\2^\\\r݃\c\\-\l\0\\Z(\Zt\>r\\Z\{L\n\:	M\!9IEг\RoH\u\Npr\oP.:\DW_:b\OU\T)q\KJ\\#*YT\-\n\M\j^\We5k\´a\%1l6V$\rŸ^&؏ZXD\\y\l(n\\\(\\&@Ă|M \\A\F\]9%A\nVP\+5C\+}\\U\B|;.\\n\F3WO(/@<a3U4\$gy]7=\F\r\V\'\W\tB\Zڮ^\^S\\\\\&\\"\\؇)ڴ1\\޼\\\\k0ٻ̌5.*fq#\\r,u}tX`9\Jk<@I\IN\\Ǎ\:\\\@|6zF(\012\'o\0L\h4\m\\ޓ\\nendstream\nendobj\n1 0 obj\n<</Tabs/S/Group<</S/Transparency/Type/Group/CS/DeviceRGB>>/Contents 5 0 R/Type/Page/Resources<</ColorSpace<</CS/DeviceRGB>>/ProcSet [/PDF /Text /ImageB /ImageC /ImageI]/Font<</F1 2 0 R/F2 3 0 R/F3 4 0 R>>>>/Parent 6 0 R/MediaBox[0 0 595 842]>>\nendobj\n7 0 obj\n[1 0 R/XYZ 0 852 0]\nendobj\n2 0 obj\n<</Subtype/Type1/Type/Font/BaseFont/Helvetica/Encoding/WinAnsiEncoding>>\nendobj\n3 0 obj\n<</Subtype/Type1/Type/Font/BaseFont/Helvetica-Bold/Encoding/WinAnsiEncoding>>\nendobj\n4 0 obj\n<</Subtype/Type1/Type/Font/BaseFont/Helvetica-BoldOblique/Encoding/WinAnsiEncoding>>\nendobj\n6 0 obj\n<</Kids[1 0 R]/Type/Pages/Count 1/ITXT(2.1.7)>>\nendobj\n8 0 obj\n<</Names[(JR_PAGE_ANCHOR_0_1) 7 0 R]>>\nendobj\n9 0 obj\n<</Dests 8 0 R>>\nendobj\n10 0 obj\n<</Names 9 0 R/Type/Catalog/Pages 6 0 R/ViewerPreferences<</PrintScaling/AppDefault>>>>\nendobj\n11 0 obj\n<</ModDate(D:20220205210704+01\'00\')/Creator(JasperReports Library version 6.16.0-48579d909b7943b64690c65c71e07e0b80981928)/CreationDate(D:20220205210704+01\'00\')/Producer(iText 2.1.7 by 1T3XT)>>\nendobj\nxref\n0 12\n0000000000 65535 f \n0000001524 00000 n \n0000001818 00000 n \n0000001906 00000 n \n0000001999 00000 n \n0000000015 00000 n \n0000002099 00000 n \n0000001783 00000 n \n0000002162 00000 n \n0000002216 00000 n \n0000002248 00000 n \n0000002352 00000 n \ntrailer\n<</Info 11 0 R/ID [<2aab4b48b373b41437db345dcec5433b><7b4be2c9943f959c55beab63299331a0>]/Root 10 0 R/Size 12>>\nstartxref\n2562\n%%EOF\n',0,'Octobre',0,0,'N°13.21.19.05.14.01','20211031-1003',7105,8526,14.5,1421,'Acquitté',490,2),(9,'Accor Hotels','30/12/2021','30/12/2021','30/11/2021',30,'OK','\\2021\\11-Novembre\\Facture Client\\Facture_Sbatec_Emagine_202111_1004.pdf','Facture_Sbatec_Emagine_202111_1004.pdf',_binary '%PDF-1.5\n%\\\\\n5 0 obj\n<</Filter/FlateDecode/Length 1440>>stream\nxXMr\6\\o\I2\0\0w\"7؎\"1Y\`)D*q\zG\2\)@eG:T\#@|\{\;za\{\cpf~@\|A4\:@	D׽\/\f\fx𡀀\n\w2\<H\|\{>9\G\t3s$\w7X)e\\atHA\| ,B\hn\Sm\l(pUZ\\|\nLT\B\'\yX\<B`\\Dz.\"Kp[n0\O> \Z\n\*ϊ`sm\cg\LT[Z<WѪ\(	\\1\ \0z\,:#\e\ {(\\Uw/\\\0wD`.\% \_:w\ڂ1K\\,I\\\'\	9\"\[{%\F\0\2V	|̊*\.\h\\\B\1Y_\,Qp.\u}\B}T)B\\K;O=/î& (<%\\!]U\(\0}\\qW\Z@&I\\0.ٲ\v8Ц(}\c]()ߥ\\rߒ\0C70t\\\Am\\\%*\R\'E\r_A?RcNec\\^T\ir\\캑_*,) 6\VlؘaA^ȤPf4K\\Zq%\X\'0\8Y+y0F*u*Ez\(Z)ʪr\Cp\'\Z%)L,)|h\l(\r\'+r!:QRRVw\\+\\s\6S\ڳ$-\t=],\\$\'\1-\]u|Sv\n@APR\Ƽ\!03=\\X\c\\lYM\\d{{׭\\\\񍭟R\u\҆vhBSG]X\+\\]\6<v\P\Z\QFyrB`7Q\z\\\\\ר`Fs\KА\D`³5~\\i\np.S\\L.\=8{<6!ܲlq\\o\np\ZI\\0\#\!\vTJ\`T\"Z\Y\"f\7Y^@$\:\'\rIWD\\n(\\n+!SG\0Aj*.yI	\\/\<b\E\b\@ި\Iޔ+,\~\Z&X\/\v\Z2ZZCgcXJ\p\\{EdNv\vm퐎RL\\nx\0dJ,\ٴimdl\ܵ#pX\\n5мS3\n\7[ZY\,\7߰Eq\Bͯ\\_\1n4s\\;SE\Mr\u\n$\@\0\ju\VH\\5\C\kʙ\\dY$p` v0\2R>?Ûw\|\ݘ<t-\9@/\n0Pō\eח0F?$\\\\bN+<\0}$з\'\c8S7븃2\\\A6 Dq\,b\h2Nǣ\d\^G\\nendstream\nendobj\n1 0 obj\n<</Tabs/S/Group<</S/Transparency/Type/Group/CS/DeviceRGB>>/Contents 5 0 R/Type/Page/Resources<</ColorSpace<</CS/DeviceRGB>>/ProcSet [/PDF /Text /ImageB /ImageC /ImageI]/Font<</F1 2 0 R/F2 3 0 R/F3 4 0 R>>>>/Parent 6 0 R/MediaBox[0 0 595 842]>>\nendobj\n7 0 obj\n[1 0 R/XYZ 0 852 0]\nendobj\n2 0 obj\n<</Subtype/Type1/Type/Font/BaseFont/Helvetica/Encoding/WinAnsiEncoding>>\nendobj\n3 0 obj\n<</Subtype/Type1/Type/Font/BaseFont/Helvetica-Bold/Encoding/WinAnsiEncoding>>\nendobj\n4 0 obj\n<</Subtype/Type1/Type/Font/BaseFont/Helvetica-BoldOblique/Encoding/WinAnsiEncoding>>\nendobj\n6 0 obj\n<</Kids[1 0 R]/Type/Pages/Count 1/ITXT(2.1.7)>>\nendobj\n8 0 obj\n<</Names[(JR_PAGE_ANCHOR_0_1) 7 0 R]>>\nendobj\n9 0 obj\n<</Dests 8 0 R>>\nendobj\n10 0 obj\n<</Names 9 0 R/Type/Catalog/Pages 6 0 R/ViewerPreferences<</PrintScaling/AppDefault>>>>\nendobj\n11 0 obj\n<</ModDate(D:20220205210720+01\'00\')/Creator(JasperReports Library version 6.16.0-48579d909b7943b64690c65c71e07e0b80981928)/CreationDate(D:20220205210720+01\'00\')/Producer(iText 2.1.7 by 1T3XT)>>\nendobj\nxref\n0 12\n0000000000 65535 f \n0000001523 00000 n \n0000001817 00000 n \n0000001905 00000 n \n0000001998 00000 n \n0000000015 00000 n \n0000002098 00000 n \n0000001782 00000 n \n0000002161 00000 n \n0000002215 00000 n \n0000002247 00000 n \n0000002351 00000 n \ntrailer\n<</Info 11 0 R/ID [<4e32159e803c739f1b759401569bc6b9><eb3fa6c6242ae241645804879bbe4efe>]/Root 10 0 R/Size 12>>\nstartxref\n2561\n%%EOF\n',0,'Novembre',0,0,'N°13.21.19.05.14.01','20211130-1004',9800,11760,20,1960,'Acquitté',490,2),(10,'Accor Hotels','30/01/2021','30/01/2022','31/12/2021',30,'OK','\\2021\\12-Décembre\\Facture Client\\Facture_Sbatec_Emagine_202112_1005.pdf','Facture_Sbatec_Emagine_202112_1005.pdf',_binary '%PDF-1.5\n%\\\\\n5 0 obj\n<</Filter/FlateDecode/Length 1443>>stream\nxX\r\6\\+d\a\\;YxlG,\tS\\"U>\\/\rB?)˰_\J,;B4CM\#@<N  D\\0\}\187R g ޜQ\\W\w@<P@=\\\P\<H\|\{99\G\t3s$\w7X)e\s\0F$ۈ\ d>!v47#m\l(pUZ\\|\nWLT\GOsC\'\yX\\\B`\\Dz.\"Kp@Xn0\O> \Z\n\*ϊ`m\\cg\LT[Z<Wp\hU\\p\\	wz\\h\0.:ΈxYo=qY\;\'\\0WtD`\Ɖ%\<F\/Q+ǘ%\r\p	D\<\9J*`e0\n3U|?&\xL`4\r*VwY\B\i}\B}T)\їvz6\_\r]M@PxJ,#B\&\ف(}`>ArhhI9ѧ>w \2IrUv\\̖>+\h\\reoakEZ\_C4\~K\\0\no3\*-P:)j\nE@cu*KU<G&*O\f׭R0ϒ\\\0bc]m\\\\Ɯ5M(B&\ʨ5˧Y֨k\=\\Z̻u%G5rP)FȔ\JQV+nc8iL\*IagI\$\E{f+ciY\q:㔲7x\\_ϯ\\L1pk/K\L\#t8/Ǵl|w\m\U\^*$N\0\eBI]\\\zt+\zZ{4\͖́\d{[@\Nw\\nk\E\\9\'8d6+0\BP\c>TH\\?\x\@\ 7\*2\no\\\\\\ר\v\s\\,\\\n,Bx$\\9z`\\y\XY9\zt\\\\0.\vΞM/&\C\\v=\8Q\PQ40^nG\\\\?b\"<MEе\RoH\wn\ZiYWD\(\\ZK\"ë\O\\r᪔q\v(sLUr\_$ySWUk`\Z0o\Eh\hkI\b)IC2no\n#QE:\%\n\\\!$w\\\0ȔX/i\\u\;\بk=G\0$\\\njyf7\ao,Yoa\_\ӿ\7c\h\\\%x\8\L7\Y^\MWh\ɾ\'n:_!n\̫/q)g|5׽\oH\:A<!la\e6L0x?\\Ť1E\-ؗ;@/:\m\awY<[	wa~`IΧ\\b\*<\0$,\NW\p6>n$\qE\\G\ـ\ Cf\\\\FIt6&{ \nendstream\nendobj\n1 0 obj\n<</Tabs/S/Group<</S/Transparency/Type/Group/CS/DeviceRGB>>/Contents 5 0 R/Type/Page/Resources<</ColorSpace<</CS/DeviceRGB>>/ProcSet [/PDF /Text /ImageB /ImageC /ImageI]/Font<</F1 2 0 R/F2 3 0 R/F3 4 0 R>>>>/Parent 6 0 R/MediaBox[0 0 595 842]>>\nendobj\n7 0 obj\n[1 0 R/XYZ 0 852 0]\nendobj\n2 0 obj\n<</Subtype/Type1/Type/Font/BaseFont/Helvetica/Encoding/WinAnsiEncoding>>\nendobj\n3 0 obj\n<</Subtype/Type1/Type/Font/BaseFont/Helvetica-Bold/Encoding/WinAnsiEncoding>>\nendobj\n4 0 obj\n<</Subtype/Type1/Type/Font/BaseFont/Helvetica-BoldOblique/Encoding/WinAnsiEncoding>>\nendobj\n6 0 obj\n<</Kids[1 0 R]/Type/Pages/Count 1/ITXT(2.1.7)>>\nendobj\n8 0 obj\n<</Names[(JR_PAGE_ANCHOR_0_1) 7 0 R]>>\nendobj\n9 0 obj\n<</Dests 8 0 R>>\nendobj\n10 0 obj\n<</Names 9 0 R/Type/Catalog/Pages 6 0 R/ViewerPreferences<</PrintScaling/AppDefault>>>>\nendobj\n11 0 obj\n<</ModDate(D:20220205210737+01\'00\')/Creator(JasperReports Library version 6.16.0-48579d909b7943b64690c65c71e07e0b80981928)/CreationDate(D:20220205210737+01\'00\')/Producer(iText 2.1.7 by 1T3XT)>>\nendobj\nxref\n0 12\n0000000000 65535 f \n0000001526 00000 n \n0000001820 00000 n \n0000001908 00000 n \n0000002001 00000 n \n0000000015 00000 n \n0000002101 00000 n \n0000001785 00000 n \n0000002164 00000 n \n0000002218 00000 n \n0000002250 00000 n \n0000002354 00000 n \ntrailer\n<</Info 11 0 R/ID [<645e2932d472263af86ea724c1ff5457><89f39f87f52eae81a83faa0996f7f045>]/Root 10 0 R/Size 12>>\nstartxref\n2564\n%%EOF\n',0,'Décembre',0,0,'N°13.21.19.05.14.01','20211231-1005',11270,13524,23,2254,'Acquitté',490,2),(11,'Accor Hotels','02/03/2022','04/03/2022','31/01/2022',30,'OK','\\2022\\01-Janvier\\Facture Client\\Facture_Sbatec_Emagine_202201_1000.pdf','Facture_Sbatec_Emagine_202201_1000.pdf',_binary '%PDF-1.5\n%\\\\\n5 0 obj\n<</Filter/FlateDecode/Length 1445>>stream\nxX\r\6\\+d\a\\;YxlG,\tS\\">/\rB?)˰_\J,;B4CM\#@<_z\'Q{io\_)3߁`\{N)P\u\\ٻ\B ?|( \\\g$\r>\=\\0YZTLҙ9\\\F݀29s]#m\e2B;\޶j6xR8\*ne>KY&Y*\G\<,d.!0T_^H=IA ,7\'@V\ERJ\rSFag\\S\3p&--U+8Ep\j8JBi\;=\t4SBgD\ʸr\\\rC\\{m\:\"0f\\d#(\Z\c̒?s9KRu\"sB\]{%\F0\2V	|̊*~\\\xh\\\B&0Y_\,Qp.\u}\BT)\їvz:\_]M@PxJ,#tU\'LʳQr/\\rhhI9\\>w \2IrUv\\̖>+\h\akEZ\_B4\~K\\0\\n\3\*-P:)jY@cu*KU\G&*O\gf׍R)gIqt\0b\'bcΚ&y!\@eԊ\\,Mk\ǕLcX\\_\dHM\\À\գ\ZPR\EdJh(\\\\\1\n4&[h0ͳl=4\\FX\\F\qJYݙCK<O\pm8˵gIZ\%\z&X\\N\cZ6>\F\*g/\'2.֍y\E\afz={<\\o\[=\\f\j=\-n\'\Cܻn\\"Wlld6+0\BP\c\WH\\?\x\@\ 7\*2\no\\\\\\ר\v\3\\,\\\n,Bx$\\9\'!\\i\XY9\zx\\\\0.\v\M/&\C\\v=\8Q\PQ40^nG\\\\\?czhk	*\dy\\4\"\p\o%P.:\D~\?iX\rW%ӗ\^\B&*\\\Q\-WX\+L\w^7\\"4l$\\j!\\7(٢\w\7~a\\GwS SbAȦMg\m\ c\\ v+歚\p\ҲtȪf!=j~NFߌq\'@\=\3U4\$gy]7]\F\r\V\'\W\tB\ZڮW_\nS\j{\hqux\C\\Hm\Z`no\E\Iwc[/Lw^t&\[\I\Z]T(\\FBm\[#Xr\V\l\n\y>xз\'\c8S7븃2W\0\\\A2\\Y\8y;8\dGɞoc\\nendstream\nendobj\n1 0 obj\n<</Tabs/S/Group<</S/Transparency/Type/Group/CS/DeviceRGB>>/Contents 5 0 R/Type/Page/Resources<</ColorSpace<</CS/DeviceRGB>>/ProcSet [/PDF /Text /ImageB /ImageC /ImageI]/Font<</F1 2 0 R/F2 3 0 R/F3 4 0 R>>>>/Parent 6 0 R/MediaBox[0 0 595 842]>>\nendobj\n7 0 obj\n[1 0 R/XYZ 0 852 0]\nendobj\n2 0 obj\n<</Subtype/Type1/Type/Font/BaseFont/Helvetica/Encoding/WinAnsiEncoding>>\nendobj\n3 0 obj\n<</Subtype/Type1/Type/Font/BaseFont/Helvetica-Bold/Encoding/WinAnsiEncoding>>\nendobj\n4 0 obj\n<</Subtype/Type1/Type/Font/BaseFont/Helvetica-BoldOblique/Encoding/WinAnsiEncoding>>\nendobj\n6 0 obj\n<</Kids[1 0 R]/Type/Pages/Count 1/ITXT(2.1.7)>>\nendobj\n8 0 obj\n<</Names[(JR_PAGE_ANCHOR_0_1) 7 0 R]>>\nendobj\n9 0 obj\n<</Dests 8 0 R>>\nendobj\n10 0 obj\n<</Names 9 0 R/Type/Catalog/Pages 6 0 R/ViewerPreferences<</PrintScaling/AppDefault>>>>\nendobj\n11 0 obj\n<</ModDate(D:20220205210933+01\'00\')/Creator(JasperReports Library version 6.16.0-48579d909b7943b64690c65c71e07e0b80981928)/CreationDate(D:20220205210933+01\'00\')/Producer(iText 2.1.7 by 1T3XT)>>\nendobj\nxref\n0 12\n0000000000 65535 f \n0000001528 00000 n \n0000001822 00000 n \n0000001910 00000 n \n0000002003 00000 n \n0000000015 00000 n \n0000002103 00000 n \n0000001787 00000 n \n0000002166 00000 n \n0000002220 00000 n \n0000002252 00000 n \n0000002356 00000 n \ntrailer\n<</Info 11 0 R/ID [<33f91f61f697ef9eb35d4879a06be6c9><88dcafa7945cdbb485bbfea7d77bb40a>]/Root 10 0 R/Size 12>>\nstartxref\n2566\n%%EOF\n',0,'Janvier',0,0,'N° 13.21.19.05.14.01','20220131-1000',10455,12546,20.5,2091,'Acquitté',510,3),(12,'Accor Hotels','30/03/2022','31/03/2022','29/02/2022',30,'OK','\\2022\\02-Février\\Facture Client\\Facture_Sbatec_Emagine_202202_1001.pdf','Facture_Sbatec_Emagine_202202_1001.pdf',_binary '%PDF-1.5\n%\\\\\n5 0 obj\n<</Filter/FlateDecode/Length 1443>>stream\nxXMr\6\\oӉ3\0\0y\'+R\(E.`\nB\\˞\'z,Þ(YCNǶ\0 =~흆=\\zð\\LK\9p\{=@	׽\w@xO\\˳W2~\\ټw4=\\\$/U\'s}$3\Z2lf1A$\ `\0!\7\\]\l(pJފl\Ds+\{XB`R\Xj!\<M:\\r7Ae\\3	Zay\\\X\)\\ZXSՖ2\$6Ep*ok8Jo{=e4\`SBkD\(3\\	\\{]˿[\"0\fC\_Z\\\.c1\\y\\\'\\n8ĵg\l\XHb$\)\\2>m\Z9\n{\h\Zev%o\X¹7յLrS\\/\=u4\_mM@PxJcBڪ\\:噁(gD\Aʡ!償p\b\iɢ=\r\L\sRׄf\\\\0\n\a[`g\-݅9}+I\dPq^7P/\D*D3Q\\<\\-0Y\`ջn\\R\\"\\ƺڈm?s\,\t \\K\\\0Q#j\\$PW\"zbK}\";\0CT+\BqQ\ \\"00)´,\=T\\kG(p\\ld,K\N\\\\F\pfW[\"Riu \)Dy->ٟ_µb\\^\IQeP\\bQX\";я)Q\n+TH,?	%un,zr=S\\1Z=\z\\\[֓\!j\0U3\\u#19|k맜\M\\mZ.ۇD>жa\ct\2\\;(J+\r\\\Ƕ\!E~kZX\]/a4fm\\Ep7]\D\	?\ir\\\6w=8{<\1ڲ\Q\\phk\nÁ\s[\u3*e\?\\Ⱦm?b\ME1\Jo\,Pܵn\ZiY7D\(KG\JsI*\;~аj+\\Z,1ɼox qw\8\\?*%bm\\r5\a#泑\\$I\\Ma\\ \nG\\gD\6w\G)&\|t?\\0E:;jzi5\]A\r\o\4[CZ\\\w\Q,+vf\\>!|	\˼&1Ϫ\\nm!\0w5:9\\Mgk\\͚~!\\\\^\Uoz-\[I}[bu#\\O\\px>moL\\\\LwZ}%\?׿lF\\*].¨T\n\;\#k\0}wڿ<фzp\\\9\F\\\ f\\\\\i8\\\x=\nendstream\nendobj\n1 0 obj\n<</Tabs/S/Group<</S/Transparency/Type/Group/CS/DeviceRGB>>/Contents 5 0 R/Type/Page/Resources<</ColorSpace<</CS/DeviceRGB>>/ProcSet [/PDF /Text /ImageB /ImageC /ImageI]/Font<</F1 2 0 R/F2 3 0 R/F3 4 0 R>>>>/Parent 6 0 R/MediaBox[0 0 595 842]>>\nendobj\n7 0 obj\n[1 0 R/XYZ 0 852 0]\nendobj\n2 0 obj\n<</Subtype/Type1/Type/Font/BaseFont/Helvetica/Encoding/WinAnsiEncoding>>\nendobj\n3 0 obj\n<</Subtype/Type1/Type/Font/BaseFont/Helvetica-Bold/Encoding/WinAnsiEncoding>>\nendobj\n4 0 obj\n<</Subtype/Type1/Type/Font/BaseFont/Helvetica-BoldOblique/Encoding/WinAnsiEncoding>>\nendobj\n6 0 obj\n<</Kids[1 0 R]/Type/Pages/Count 1/ITXT(2.1.7)>>\nendobj\n8 0 obj\n<</Names[(JR_PAGE_ANCHOR_0_1) 7 0 R]>>\nendobj\n9 0 obj\n<</Dests 8 0 R>>\nendobj\n10 0 obj\n<</Names 9 0 R/Type/Catalog/Pages 6 0 R/ViewerPreferences<</PrintScaling/AppDefault>>>>\nendobj\n11 0 obj\n<</ModDate(D:20220306212328+01\'00\')/Creator(JasperReports Library version 6.16.0-48579d909b7943b64690c65c71e07e0b80981928)/CreationDate(D:20220306212328+01\'00\')/Producer(iText 2.1.7 by 1T3XT)>>\nendobj\nxref\n0 12\n0000000000 65535 f \n0000001526 00000 n \n0000001820 00000 n \n0000001908 00000 n \n0000002001 00000 n \n0000000015 00000 n \n0000002101 00000 n \n0000001785 00000 n \n0000002164 00000 n \n0000002218 00000 n \n0000002250 00000 n \n0000002354 00000 n \ntrailer\n<</Info 11 0 R/ID [<0084a2170e04249d17978b73afa6a875><a1f8afafd6184191896a37ae98e5a363>]/Root 10 0 R/Size 12>>\nstartxref\n2564\n%%EOF\n',0,'Février',0,0,'N° 13.21.19.05.14.01','20220228-1001',10200,12240,20,2040,'Acquitté',510,3),(13,'Accor Hotels','30/04/2022','28/04/2022','31/03/2022',30,'OK','\\2022\\03-Mars\\Facture Client\\Facture_Sbatec_Emagine_202203_1002.pdf','Facture_Sbatec_Emagine_202203_1002.pdf',_binary '%PDF-1.5\n%\\\\\n5 0 obj\n<</Filter/FlateDecode/Length 1441>>stream\nxX\r\6\\+d\a\\;YxlG,\tS\\">/\rB?)˰_\J,;B4CM\#@<_z\'Q{io\_)3߁`\{N)P\u\\ٻ\B ?|( \\\g$\r>\=\\0YZTLҙ9\\\F݀29s]#m\e2B;\޶j6xR8\*ne>KY&Y*\G\<,d.!0T_^H=IA ,7\'@V\ERJ\rSFag\\S\3p&--U+8Ep\j8JBi\;=\t4SBgD\ʸr\\\rC\\{m\:\"0f\\d#(\Z\c̒?s9KRu\"sB\]{%\F0\2V	|̊*~\\\xh\\\B&0Y_\,Qp.\u}\BT)\їvz:\_]M@PxJ,#B\&\ف(g \_H94\cPn$*\p|fKە\\|W0\5\|N-/?\Zv%\\\msVsP\\B^K5|JMB:*\Q\#|\S\\3_\F~̳8:\XW[1gMC\nIs2jE\i5\\JDO,`a\qV$&\a@]f\Q\\()\TQ2%RU\꿇\nkc\N\Z-JR\YR6	yў\\nP\ZAV\j#C,u\\i\8\̡%W\\6S\ڳ$-\\t=],\\d\'\1-\]u|Sv\n@APR\Ƽ\\"03=\劷\\\qs`e5\\P\!\]\Zs+6~\	^\E2Kەj!\]X\+$\]\v<v\P\QFyrB`7Qׂ\r\Yf\w\kԈ\\cFsgMhsl7!\F{\3!{8V\e03=9݃\c\\-\l\\0\lG\8T\rLWh \\Q)Gy\0;Ϙ*\"Z\ZBf\7Y^@$\:74\\"a	Nby%\\\;Ұ\ZJ8/)!]I+^\B&*\\\Q\-WX\+L\w^7\\"4l$\\j!\\7(٢\wmRL\n\nx\0dJ,\ٴ\\dl\ܵ#pX\\v5мU3\n\7[ZY\,\7߱Gq\Bͯ\\\\1n4s\'wƛ\,\+\H\0\\\d_W\VH\_\5\C\m\_\uo-8nN}[rM#\ލ\ͻhx>\nLr\Ћ.d\E,n$\\/1~`I̯\[\)VZ#x\H\Y@ߞ/\tL}\H\\\\\G_g\ Cf\\\\FIt:&{\\nendstream\nendobj\n1 0 obj\n<</Tabs/S/Group<</S/Transparency/Type/Group/CS/DeviceRGB>>/Contents 5 0 R/Type/Page/Resources<</ColorSpace<</CS/DeviceRGB>>/ProcSet [/PDF /Text /ImageB /ImageC /ImageI]/Font<</F1 2 0 R/F2 3 0 R/F3 4 0 R>>>>/Parent 6 0 R/MediaBox[0 0 595 842]>>\nendobj\n7 0 obj\n[1 0 R/XYZ 0 852 0]\nendobj\n2 0 obj\n<</Subtype/Type1/Type/Font/BaseFont/Helvetica/Encoding/WinAnsiEncoding>>\nendobj\n3 0 obj\n<</Subtype/Type1/Type/Font/BaseFont/Helvetica-Bold/Encoding/WinAnsiEncoding>>\nendobj\n4 0 obj\n<</Subtype/Type1/Type/Font/BaseFont/Helvetica-BoldOblique/Encoding/WinAnsiEncoding>>\nendobj\n6 0 obj\n<</Kids[1 0 R]/Type/Pages/Count 1/ITXT(2.1.7)>>\nendobj\n8 0 obj\n<</Names[(JR_PAGE_ANCHOR_0_1) 7 0 R]>>\nendobj\n9 0 obj\n<</Dests 8 0 R>>\nendobj\n10 0 obj\n<</Names 9 0 R/Type/Catalog/Pages 6 0 R/ViewerPreferences<</PrintScaling/AppDefault>>>>\nendobj\n11 0 obj\n<</ModDate(D:20220312213511+01\'00\')/Creator(JasperReports Library version 6.16.0-48579d909b7943b64690c65c71e07e0b80981928)/CreationDate(D:20220312213511+01\'00\')/Producer(iText 2.1.7 by 1T3XT)>>\nendobj\nxref\n0 12\n0000000000 65535 f \n0000001524 00000 n \n0000001818 00000 n \n0000001906 00000 n \n0000001999 00000 n \n0000000015 00000 n \n0000002099 00000 n \n0000001783 00000 n \n0000002162 00000 n \n0000002216 00000 n \n0000002248 00000 n \n0000002352 00000 n \ntrailer\n<</Info 11 0 R/ID [<f552632847ae93f4829c1e0f531a65fc><327948d3cf858fd474de7ac9482fb30d>]/Root 10 0 R/Size 12>>\nstartxref\n2562\n%%EOF\n',0,'Mars',0,0,'N° 13.21.19.05.14.01','20220331-1002',11220,13464,22,2244,'Acquitté',510,3),(14,'Accor Hotels','30/05/2022','27/05/2022','30/04/2022',30,'OK','\\2022\\04-Avril\\Facture Client\\Facture_Sbatec_Emagine_202204_1003.pdf','Facture_Sbatec_Emagine_202204_1003.pdf',_binary '%PDF-1.5\n%\\\\\n5 0 obj\n<</Filter/FlateDecode/Length 1440>>stream\nxX\r\6\\+d\a\\;YxlG,\tS\\">\\/\rB?)˰_\J,;Bԡ\\0 \\}\/\=Ѵ7z\{\̯\@0\W(\E\\\l!\>C\A\3f9ON\p\0,-*]&\\I`c\r\i#\n@J9\6b\2@\\r}\o[5<J)dV2¥,,\\\\	w2W*\//ˤ\\\ L +\\")#Űʳ\\0\\_[\)\8Ֆ*\\"8ZUt5%!4pr:\Z\B3\"^\\de\\V\ㆡ\\6\\\Gqb	2KG\\n\1f\ù%:\\9\0x뮽m\ni+>f\Lߏg.<	4^a\a!Mʯ\m(8Vi\\\K;O=/î& (<%\\!]U\	\@\3b<@ʡ%\Dp\bp\$\U\\3[ܮG\ZakEZ\_B4\~K\\0\\no3\*-P:)j\nY@cu*KU\G&*O\gf׍R)gIqt\0b\'bcΚ&y!\@eԊ\\,Mk\ǕLcX\\_\dHM\\À\գ\ZPR\EdJh(\\\\\1\n4&[h0ͳl=4\\FX\\F\qJYݙCK<O\pm8˵gIZ\?%\z&X\\N\cZ6>\F\*g/\'2.֍y\E\afz={<\\o\[=\\f\j=\-n\'\Cܻn\\"Wlld6+0\BP\c\WH\\?\x\@\ 7\*2\no\\\\\\ר\v\3\\,\\\n,Bx$\\9\'b9ce]\\03\\\\qp\=8{<61ܲlq\\o\\\zDCE\\{uRn\{aq\;*\"Z\ZBf\7Y^@$\:74\+\"a	Nby%\\#va5\\N^RBx2X\dQ%X<8E7\n\y_	V\]\\X-4$\z`?raE []\QIr7\ML\"6A^\sK\ݮjz\-\fK\\!\(\\:}3ƍf^\T\x\u\t6Z\\j঳\\vͼ\wr\Wsݛ\F\c\\\Fj\\wcx.\ZOS܂}a\m\Fwʲ\?ۿ\\n\\%1o\pZi\\h\"g}{ҿ<\1q#;(s}dEcM&\\x4\\_%}\nendstream\nendobj\n1 0 obj\n<</Tabs/S/Group<</S/Transparency/Type/Group/CS/DeviceRGB>>/Contents 5 0 R/Type/Page/Resources<</ColorSpace<</CS/DeviceRGB>>/ProcSet [/PDF /Text /ImageB /ImageC /ImageI]/Font<</F1 2 0 R/F2 3 0 R/F3 4 0 R>>>>/Parent 6 0 R/MediaBox[0 0 595 842]>>\nendobj\n7 0 obj\n[1 0 R/XYZ 0 852 0]\nendobj\n2 0 obj\n<</Subtype/Type1/Type/Font/BaseFont/Helvetica/Encoding/WinAnsiEncoding>>\nendobj\n3 0 obj\n<</Subtype/Type1/Type/Font/BaseFont/Helvetica-Bold/Encoding/WinAnsiEncoding>>\nendobj\n4 0 obj\n<</Subtype/Type1/Type/Font/BaseFont/Helvetica-BoldOblique/Encoding/WinAnsiEncoding>>\nendobj\n6 0 obj\n<</Kids[1 0 R]/Type/Pages/Count 1/ITXT(2.1.7)>>\nendobj\n8 0 obj\n<</Names[(JR_PAGE_ANCHOR_0_1) 7 0 R]>>\nendobj\n9 0 obj\n<</Dests 8 0 R>>\nendobj\n10 0 obj\n<</Names 9 0 R/Type/Catalog/Pages 6 0 R/ViewerPreferences<</PrintScaling/AppDefault>>>>\nendobj\n11 0 obj\n<</ModDate(D:20220501011247+02\'00\')/Creator(JasperReports Library version 6.16.0-48579d909b7943b64690c65c71e07e0b80981928)/CreationDate(D:20220501011247+02\'00\')/Producer(iText 2.1.7 by 1T3XT)>>\nendobj\nxref\n0 12\n0000000000 65535 f \n0000001523 00000 n \n0000001817 00000 n \n0000001905 00000 n \n0000001998 00000 n \n0000000015 00000 n \n0000002098 00000 n \n0000001782 00000 n \n0000002161 00000 n \n0000002215 00000 n \n0000002247 00000 n \n0000002351 00000 n \ntrailer\n<</Info 11 0 R/ID [<a442087e4fd8c4c0f75386dd4a2b8324><f0171a67b3aebe43ea2a3e742d403ae8>]/Root 10 0 R/Size 12>>\nstartxref\n2561\n%%EOF\n',0,'Avril',0,0,'N° 13.21.19.05.14.01','20220430-1003',10200,12240,20,2040,'Acquitté',510,3),(15,'Accor Hotels','30/06/2022','30/06/2022','31/05/2022',30,'OK','\\2022\\05-Mai\\Facture Client\\Facture_Sbatec_Emagine_202205_1004.pdf','Facture_Sbatec_Emagine_202205_1004.pdf',_binary '%PDF-1.5\n%\\\\\n5 0 obj\n<</Filter/FlateDecode/Length 1440>>stream\nxX\r\6\\+d\a\\;YxlG,\tS\\">\\/\rB?)˰_\J,;Bԡ\\0 \\}\/\=Ѵ7z\{\̯\@0\W(\E\\\l!\>C\A\3f9ON\p\0,-*]&\\I`c\r\i#\n@J9\6b\2@\\r}\o[5<J)dV2¥,,\\\\	w2W*\//ˤ\\\ L +\\")#Űʳ\\0\\_[\)\8Ֆ*\\"8ZUt5%!4pr:\Z\B3\"^\\de\\V\ㆡ\\6\\\Gqb	2KG\\n\1f\ù%:\\9\0x뮽m\ni+>f\Lߏg.<	4^a\a!Mʯ\m(8Vi\\\K;O=/î& (<%\\!]U\	\@\3b<@ʡ%\Dp\bp\$\U\\3[ܮG\W\}\c]3(\Z\\\a[`\\\r݆9Wi5Wi	\%\\IQ\W\Ϫ\*\SY\\<2\-0Uy>c5n\J<Ku?s\41t0\48\0*V\,fiZ>d\ZK\\\Z\'kE\o2\\e\ȅ.@\/\ZE`` SB+EYU{ 6Q\1\B$i%e홭dŮ62\RǕ6\@S\\\Z\q|z\?k3\Y=KҲ\)A\3\\\l@vbӲ1\U\75jW9{8	%un\{.r3\\\\1^x\=\j\76[V\!nu;\\\u+5bc맜\u]$\]:ۅB>еa\c\0e\'wP!	Vxu-.w\>ef~gFX\=+a4wf܄6\v`\l$\\\\==\+\2^\\\\\㱉\\d{[@\N}s\0g\#j*&߫4BpC\\ݳ`#\	~\Tq4\B\2KU\\"y׹iD8\8d\_	K\\,t\+,\O\\r\\\%%Dt(sLUr\[$ySWUk`\Z0o\Eh\hkI\b)IC2o\n#QE:\%\n\\\!$w\\\0ȔX/i\\u\;\بk=G\0$\\\njyf7\bo,Yoa\_\ӿ\7c\h\\	\%xO8\L7\Y^\MWh\ɾn:[!n\̫/q)g|5׽\oH\:A<!la\e6L0x77\\1E\-\;@/\`TwQ(	ˮo`X\V\lb\n\~xз\'\c8S7븃2W\0\\\A\"\\Y\8y;8\dGɞo?\nendstream\nendobj\n1 0 obj\n<</Tabs/S/Group<</S/Transparency/Type/Group/CS/DeviceRGB>>/Contents 5 0 R/Type/Page/Resources<</ColorSpace<</CS/DeviceRGB>>/ProcSet [/PDF /Text /ImageB /ImageC /ImageI]/Font<</F1 2 0 R/F2 3 0 R/F3 4 0 R>>>>/Parent 6 0 R/MediaBox[0 0 595 842]>>\nendobj\n7 0 obj\n[1 0 R/XYZ 0 852 0]\nendobj\n2 0 obj\n<</Subtype/Type1/Type/Font/BaseFont/Helvetica/Encoding/WinAnsiEncoding>>\nendobj\n3 0 obj\n<</Subtype/Type1/Type/Font/BaseFont/Helvetica-Bold/Encoding/WinAnsiEncoding>>\nendobj\n4 0 obj\n<</Subtype/Type1/Type/Font/BaseFont/Helvetica-BoldOblique/Encoding/WinAnsiEncoding>>\nendobj\n6 0 obj\n<</Kids[1 0 R]/Type/Pages/Count 1/ITXT(2.1.7)>>\nendobj\n8 0 obj\n<</Names[(JR_PAGE_ANCHOR_0_1) 7 0 R]>>\nendobj\n9 0 obj\n<</Dests 8 0 R>>\nendobj\n10 0 obj\n<</Names 9 0 R/Type/Catalog/Pages 6 0 R/ViewerPreferences<</PrintScaling/AppDefault>>>>\nendobj\n11 0 obj\n<</ModDate(D:20220531204250+02\'00\')/Creator(JasperReports Library version 6.16.0-48579d909b7943b64690c65c71e07e0b80981928)/CreationDate(D:20220531204250+02\'00\')/Producer(iText 2.1.7 by 1T3XT)>>\nendobj\nxref\n0 12\n0000000000 65535 f \n0000001523 00000 n \n0000001817 00000 n \n0000001905 00000 n \n0000001998 00000 n \n0000000015 00000 n \n0000002098 00000 n \n0000001782 00000 n \n0000002161 00000 n \n0000002215 00000 n \n0000002247 00000 n \n0000002351 00000 n \ntrailer\n<</Info 11 0 R/ID [<4fde182b53a811394e5d49966b85323d><c6b78357e774d7125dd8e107c366ccae>]/Root 10 0 R/Size 12>>\nstartxref\n2561\n%%EOF\n',0,'Mai',0,0,'N° 13.21.19.05.14.01','20220531-1004',10200,12240,20,2040,'Acquitté',510,3),(17,'Accor Hotels','30/07/2022','28/07/2022','30/06/2022',30,'OK','\\2022\\06-Juin\\Facture Client\\Facture_Sbatec_Emagine_202206_1005.pdf','Facture_Sbatec_Emagine_202206_1005.pdf',_binary '%PDF-1.5\n%\\\\\n5 0 obj\n<</Filter/FlateDecode/Length 1441>>stream\nxX\r\6\\+d\a\\;YxlG,\tS\\">/\rB?)˰_\J,;B4CM\#@<_z\'Q{io\_)3߁`\{N)P\u\\ٻ\B ?|( \\\g$\r>\=\\0YZTLҙ9\\\F݀29s]#m\e2B;\޶j6xR8\*ne>KY&Y*\G\<,d.!0T_^H=IA ,7\'@V\ERJ\rSFag\\S\3p&--U+8Ep\j8JBi\;=\t4SBgD\ʸr\\\rC\\{m\:\"0f\\d#(\Z\c̒?s9KRu\"sB\]{%\F0\2V	|̊*~\\\xh\\\B&0Y_\,Qp.\u}\BT)\їvz:\_]M@PxJ,\#B\&\ف()ArhhI9\\>w \2IrUv\\̖>+\hF}EW0\5\|N-/?\Zv%\\\msVsP\\B^K5|JMB:*\Q\#|\S\\3_\F~̳8:\XW[1gMC\nIs2jE\i5\\JDO,`a\qV$&\a@]f\Q\\()\TQ2%RU\꿇\nkc\N\Z-JR\YR6	yў\\nP\ZAV\j#C,u\\i\8\̡%W\\6S\ڳ$-\\t=],\\d\'\1-\]u|Sv\n@APR\Ƽ\\"03=\劷\\\qs`e5\\P\!\]\Zs+6~\	^\E2Kەj!\]X\+$\]\v<v\P\QFyrB`7Qׂ\r\Yf\w\kԈ\\cFsgMhsl7!\F{\S{8V\e03=9݃\c\\-\l\\0\lG\8T\rLWh \\Q)Ǯ\0V\w1U04\B\2KU\\"y׹iD8\8d\\	K\\,t\+,\nt\ß4EK,d[,H\\\"ɛz¯Z\|\\y\.B\FXKblKI\Zq|S\"-\	\.Qx\\(\$@Ă|M\ \\A\F\]\9%A\nWP\[5C\k}e\U\B|{.\\n\F3WOH/{\yghI\nD]Nu\l4]30\ݦ\\\&\\"\\؇)\42\\޼\\\!`_\\0\\.\\\BY7\o]_|?$\\\\b\N+<\0M$,oO\p:>n$\qe\0⣯\3L!qvp\$:F=_wqc\nendstream\nendobj\n1 0 obj\n<</Tabs/S/Group<</S/Transparency/Type/Group/CS/DeviceRGB>>/Contents 5 0 R/Type/Page/Resources<</ColorSpace<</CS/DeviceRGB>>/ProcSet [/PDF /Text /ImageB /ImageC /ImageI]/Font<</F1 2 0 R/F2 3 0 R/F3 4 0 R>>>>/Parent 6 0 R/MediaBox[0 0 595 842]>>\nendobj\n7 0 obj\n[1 0 R/XYZ 0 852 0]\nendobj\n2 0 obj\n<</Subtype/Type1/Type/Font/BaseFont/Helvetica/Encoding/WinAnsiEncoding>>\nendobj\n3 0 obj\n<</Subtype/Type1/Type/Font/BaseFont/Helvetica-Bold/Encoding/WinAnsiEncoding>>\nendobj\n4 0 obj\n<</Subtype/Type1/Type/Font/BaseFont/Helvetica-BoldOblique/Encoding/WinAnsiEncoding>>\nendobj\n6 0 obj\n<</Kids[1 0 R]/Type/Pages/Count 1/ITXT(2.1.7)>>\nendobj\n8 0 obj\n<</Names[(JR_PAGE_ANCHOR_0_1) 7 0 R]>>\nendobj\n9 0 obj\n<</Dests 8 0 R>>\nendobj\n10 0 obj\n<</Names 9 0 R/Type/Catalog/Pages 6 0 R/ViewerPreferences<</PrintScaling/AppDefault>>>>\nendobj\n11 0 obj\n<</ModDate(D:20220630215855+02\'00\')/Creator(JasperReports Library version 6.16.0-48579d909b7943b64690c65c71e07e0b80981928)/CreationDate(D:20220630215855+02\'00\')/Producer(iText 2.1.7 by 1T3XT)>>\nendobj\nxref\n0 12\n0000000000 65535 f \n0000001524 00000 n \n0000001818 00000 n \n0000001906 00000 n \n0000001999 00000 n \n0000000015 00000 n \n0000002099 00000 n \n0000001783 00000 n \n0000002162 00000 n \n0000002216 00000 n \n0000002248 00000 n \n0000002352 00000 n \ntrailer\n<</Info 11 0 R/ID [<e3e67e89b2b3d771da1beaa9e506b48f><f2526488520883a1f159d0127779db6b>]/Root 10 0 R/Size 12>>\nstartxref\n2562\n%%EOF\n',0,'Juin',0,0,'N° 13.21.19.05.14.01','20220630-1005',10710,12852,21,2142,'Acquitté',510,3),(18,'Accor Hotels','30/08/2022','31/08/2022','31/07/2022',30,'OK','\\2022\\07-Juillet\\Facture Client\\Facture_Sbatec_Emagine_202207_1006.pdf','Facture_Sbatec_Emagine_202207_1006.pdf',_binary '%PDF-1.5\n%\\\\\n5 0 obj\n<</Filter/FlateDecode/Length 1441>>stream\nxXMr\6\\o\I2\\\0w\"7؎\"1Y\`)D*q\zG\2\)@e[fG,\\w\Z\\M{è\\\J\8h\;>@	D7/f\fx𡀀\n\w2\<H\|\{99\G\t3s$\3\\F݀2]\0F$ۈ\ d>!v47\Ŷj6xR8\*\d>+Y&Y*\Gy\<,d!0T__J=IA-7\'AV\ERJ\rSFag\\S\3p&--U+\\\hU\\p\\	wz\\hK=t\nb=qY\;\\{m;\"0\\K	F\/Q\\;hm%\r\p	\筽mri+>e\L\ǳ˅\8qAV\\\.K\\HxSߨPϟ\1E<}i\g\\`\\Ē#Bj\\'\d;\	byCCK>\+\p- $Wew\l\sNV͎\c]\'V)ߥ\\\rߒ\0C70t\BAc\\\%*\R\'E\r\ARcNeo\'(\Ih\\D\\u+V\n\YR@l\\1cMC\nIs2jE\i5\\ZDO,`a\qV$&\a@=f	\QL()\T\Q$RU\꿇\nc\N\Z-JR\YR6\xў\\nP\ZNV\j#C,u\\id8\͡%W\\\Wpc8˵IZ\?%\z&X\\M\cZ6>\F\*g/\'2Vy\C\afz={<\\\#VkƸ9ٲlq\\nZa\\[?eo\\"\r\\>Є`>TH\V?\w\@\ 3\*2\no\sd\Q#wv\s殗!.6?\\\\\٘\{C=M\0.\e03=	\^g\&[V\!nu;\M\0.uQ\MQ40\^w\5\*|\0kLn\'zhg	&\fy\\.\"\68d\\	˟\\,t\k,\n?u\\hU\rO%\2_SBD2XdQ%wX84E7\nky_	V3]\p\X-4\f`?ba#S\]]:\3\n.\0e6mn5w\UA\r4\\\;͖CV5\\OTkuf\\\=!\\T\x\u\t6Z\\j\\\vͼ\j\\7\]	/X\'\>\KԦ\\\}4t7&]\ЋΫDkT\e\,n%/\1\"%7\\pVi\\\!;\_٘p\\\y\F\	Ve\ Cf\\\FIt6&{\R\nendstream\nendobj\n1 0 obj\n<</Tabs/S/Group<</S/Transparency/Type/Group/CS/DeviceRGB>>/Contents 5 0 R/Type/Page/Resources<</ColorSpace<</CS/DeviceRGB>>/ProcSet [/PDF /Text /ImageB /ImageC /ImageI]/Font<</F1 2 0 R/F2 3 0 R/F3 4 0 R>>>>/Parent 6 0 R/MediaBox[0 0 595 842]>>\nendobj\n7 0 obj\n[1 0 R/XYZ 0 852 0]\nendobj\n2 0 obj\n<</Subtype/Type1/Type/Font/BaseFont/Helvetica/Encoding/WinAnsiEncoding>>\nendobj\n3 0 obj\n<</Subtype/Type1/Type/Font/BaseFont/Helvetica-Bold/Encoding/WinAnsiEncoding>>\nendobj\n4 0 obj\n<</Subtype/Type1/Type/Font/BaseFont/Helvetica-BoldOblique/Encoding/WinAnsiEncoding>>\nendobj\n6 0 obj\n<</Kids[1 0 R]/Type/Pages/Count 1/ITXT(2.1.7)>>\nendobj\n8 0 obj\n<</Names[(JR_PAGE_ANCHOR_0_1) 7 0 R]>>\nendobj\n9 0 obj\n<</Dests 8 0 R>>\nendobj\n10 0 obj\n<</Names 9 0 R/Type/Catalog/Pages 6 0 R/ViewerPreferences<</PrintScaling/AppDefault>>>>\nendobj\n11 0 obj\n<</ModDate(D:20220716234511+02\'00\')/Creator(JasperReports Library version 6.16.0-48579d909b7943b64690c65c71e07e0b80981928)/CreationDate(D:20220716234511+02\'00\')/Producer(iText 2.1.7 by 1T3XT)>>\nendobj\nxref\n0 12\n0000000000 65535 f \n0000001524 00000 n \n0000001818 00000 n \n0000001906 00000 n \n0000001999 00000 n \n0000000015 00000 n \n0000002099 00000 n \n0000001783 00000 n \n0000002162 00000 n \n0000002216 00000 n \n0000002248 00000 n \n0000002352 00000 n \ntrailer\n<</Info 11 0 R/ID [<a4929751516723cdc682ffa7071a4c92><4f4b0e08efb0a2087e9d707abab56742>]/Root 10 0 R/Size 12>>\nstartxref\n2562\n%%EOF\n',0,'Juillet',0,0,'N° 13.21.19.05.14.01','20220731-1006',3570,4284,7,714,'Acquitté',510,3),(19,'Accor Hotels','30/09/2022','13/10/2022','31/08/2022',30,'OK','\\2022\\08-Août\\Facture Client\\Facture_Sbatec_Emagine_202208_1007.pdf','Facture_Sbatec_Emagine_202208_1007.pdf',_binary '%PDF-1.5\n%\\\\\n5 0 obj\n<</Filter/FlateDecode/Length 1442>>stream\nxXMr\6\\o\I2c3\0Hw\"7؎\"1Y\`)D*q\zG\2\\%J:	\0\{x\\\\i\s9C<\\r\޻s+;\\\3\n@|\{\"nH\\n	ww \].f\\~< \\ZUi6\G\\_\qڊR\F׈d1D,\0\\" PK@}À:\V\R\ny\(p%4τz\0?rE\\'ƵL\Psyv\\=\ZH+`*AK1<\0{\j\*YB\"8Zճ5%4tr6\Z\R5\"^oǀ\"\B\\Q\po}/o\\/K\\\\b2\\\=\3\\\\\\L.x9p\\^ɶQ=)H>\\L?g\\\xE\\h\Z\uq-\TW͍\J\S=L<\0?@_\y\ٸ5ښr{D\\`N6\ЯK\$\ZN\' \\5L\BV0.\v8%1$\KF͟X\Z\?\Z\ߒ\0\C70t\BB}\\\fP4Be\@=3`NE%˯\'(\Nh,T	\u+>\\yZ@l\\1cMSMJi{2jD͋ie\r\\Zd@O,a\pV$&\n0>3A&VM	2Cv\*yZ)\\j\Cp\JL<\t\\\(GV\j#C\"TR+d8\W\\\\\p8˵giV5\\f&\X\\McJ>\A\Jg/\'\2>Vy\G\gj={<&\\\WkƤ=ݲlI\n:a\6~\^5e:\Zk\>ЄG\va.\V?\w\@\ 30j\\nc\z\\\5۷\kՈŝ]y\\R<\$\\f\'^8!&fD\POeu\0Lg\ep=ۃ\c\\-\tl&\08\d/\;z>Ս~\r\\`p\\\&7T\\=EE\7\RX\[\=2\o\O,*M\5CW,\?ZU\S	ǔ\\'\"Y\\$~m\Z^\WD޶ra2\2\֒h.\\R`\,\\G,x\\	\.Q\\۾(\\@Ā|OۮhA$ZͶА v*}\pu\\1t\\v!r~ND\Lp\\'@ȟݙ,[oiڎp#\pW}]\n:_!\\K/qf\jz\e\\ux\CؾT\Hm`v\\Ë1\5`_\\`T\e,n/\l߽h 4\\W͝Tb\j<\0#\\78\\07\qe$@W\+2N\1o\'0L\h4\=׿eb*\nendstream\nendobj\n1 0 obj\n<</Tabs/S/Group<</S/Transparency/Type/Group/CS/DeviceRGB>>/Contents 5 0 R/Type/Page/Resources<</ColorSpace<</CS/DeviceRGB>>/ProcSet [/PDF /Text /ImageB /ImageC /ImageI]/Font<</F1 2 0 R/F2 3 0 R/F3 4 0 R>>>>/Parent 6 0 R/MediaBox[0 0 595 842]>>\nendobj\n7 0 obj\n[1 0 R/XYZ 0 852 0]\nendobj\n2 0 obj\n<</Subtype/Type1/Type/Font/BaseFont/Helvetica/Encoding/WinAnsiEncoding>>\nendobj\n3 0 obj\n<</Subtype/Type1/Type/Font/BaseFont/Helvetica-Bold/Encoding/WinAnsiEncoding>>\nendobj\n4 0 obj\n<</Subtype/Type1/Type/Font/BaseFont/Helvetica-BoldOblique/Encoding/WinAnsiEncoding>>\nendobj\n6 0 obj\n<</Kids[1 0 R]/Type/Pages/Count 1/ITXT(2.1.7)>>\nendobj\n8 0 obj\n<</Names[(JR_PAGE_ANCHOR_0_1) 7 0 R]>>\nendobj\n9 0 obj\n<</Dests 8 0 R>>\nendobj\n10 0 obj\n<</Names 9 0 R/Type/Catalog/Pages 6 0 R/ViewerPreferences<</PrintScaling/AppDefault>>>>\nendobj\n11 0 obj\n<</ModDate(D:20220903111404+02\'00\')/Creator(JasperReports Library version 6.16.0-48579d909b7943b64690c65c71e07e0b80981928)/CreationDate(D:20220903111404+02\'00\')/Producer(iText 2.1.7 by 1T3XT)>>\nendobj\nxref\n0 12\n0000000000 65535 f \n0000001525 00000 n \n0000001819 00000 n \n0000001907 00000 n \n0000002000 00000 n \n0000000015 00000 n \n0000002100 00000 n \n0000001784 00000 n \n0000002163 00000 n \n0000002217 00000 n \n0000002249 00000 n \n0000002353 00000 n \ntrailer\n<</Info 11 0 R/ID [<a2e6b1e0fd2856d4b02995b3c57bddbd><f29864180b5ebf57b60e025014550cee>]/Root 10 0 R/Size 12>>\nstartxref\n2563\n%%EOF\n',0,'Août',0,0,'N° 13.21.19.05.14.01','20220831-1007',1530,1836,3,306,'Acquitté',510,3),(20,'Accor Hotels','30/10/2022','29/10/2022','30/09/2022',30,'OK','\\2022\\09-Septembre\\Facture Client\\Facture_Sbatec_Emagine_202209_1008.pdf','Facture_Sbatec_Emagine_202209_1008.pdf',_binary '%PDF-1.5\n%\\\\\n5 0 obj\n<</Filter/FlateDecode/Length 1442>>stream\nxX\r\6\\+d\a\\;YxlG,\tS\\">/\rB?)˰_\J,;B4CM\#@<_z\'Q{io\_)3߁`\{N)P\u\\ٻ\B ?|( \\\g$\r>\=\\0YZTLҙ9\\\F݀29s]#m\e2B;\޶j6xR8\*ne>KY&Y*\G\<,d.!0T_^H=IA ,7\'@V\ERJ\rSFag\\S\3p&--U+8Ep\j8JBi\;=\t4SBgD\ʸr\\\rC\\{m\:\"0f\\d#(\Z\c̒?s9KRu\"sB\]{%\F0\2V	|̊*~\\\xh\\\B&0Y_\,Qp.\u}\BT)\їvz:\_]M@PxJ,#B\&\ف(g \_H94\cPn$*\p|fKە\B\"\+F\A\h>\\rߒ\0|n`\6̹LJK(T.!N\Z~V&P!\X\R\(\Ih\\D\ï\u#T\n\YR@l\ؘA^ȤPf4K\\Zq%\X\'0\8Y+y0.DF.u*E~\(Z)ʪr\Cp\'\Z%)L,)h\l( +v!:QrRVw\\+\\s\\\)\r\Yuo	I}.g󘖍\:Q\\K\	L(uc\s{^\r\[\VkƸ9ٲlq\\[a\[?\\\"\r\\?L\\.F;;Ї\0(\\r\(<\nLkuC,3\;\5j\\\]y\3\&9^\`#\=\F\{=\+\2^\\\\\㱉\\d{[@\N}s\0g\#j*&߫4BpC\\\#\<\y\gLWAS-t-!T\,/ wFC\ZnCV\r\\B\'hb	~\?iX\rW%!\'/)!A2X\dQ%X<8E7\n\y_	V\]\\X-4$\z`?raE []\QIr7\ML\"6A^\sK\ݮjz\-\fK\\!\;(\\:}3ƍf^\T\x\u\t6Z\\j_q\\\nikf^}aM9㫹\ME\\r\	\aS.#id1y\r\\'ݍ)Bn0\z\4Q\E-n$\\/1B%;o\,pZi\\$g}{ҿ<\1q#;(s0EcM&\\x4\\\?,\nendstream\nendobj\n1 0 obj\n<</Tabs/S/Group<</S/Transparency/Type/Group/CS/DeviceRGB>>/Contents 5 0 R/Type/Page/Resources<</ColorSpace<</CS/DeviceRGB>>/ProcSet [/PDF /Text /ImageB /ImageC /ImageI]/Font<</F1 2 0 R/F2 3 0 R/F3 4 0 R>>>>/Parent 6 0 R/MediaBox[0 0 595 842]>>\nendobj\n7 0 obj\n[1 0 R/XYZ 0 852 0]\nendobj\n2 0 obj\n<</Subtype/Type1/Type/Font/BaseFont/Helvetica/Encoding/WinAnsiEncoding>>\nendobj\n3 0 obj\n<</Subtype/Type1/Type/Font/BaseFont/Helvetica-Bold/Encoding/WinAnsiEncoding>>\nendobj\n4 0 obj\n<</Subtype/Type1/Type/Font/BaseFont/Helvetica-BoldOblique/Encoding/WinAnsiEncoding>>\nendobj\n6 0 obj\n<</Kids[1 0 R]/Type/Pages/Count 1/ITXT(2.1.7)>>\nendobj\n8 0 obj\n<</Names[(JR_PAGE_ANCHOR_0_1) 7 0 R]>>\nendobj\n9 0 obj\n<</Dests 8 0 R>>\nendobj\n10 0 obj\n<</Names 9 0 R/Type/Catalog/Pages 6 0 R/ViewerPreferences<</PrintScaling/AppDefault>>>>\nendobj\n11 0 obj\n<</ModDate(D:20220929190642+02\'00\')/Creator(JasperReports Library version 6.16.0-48579d909b7943b64690c65c71e07e0b80981928)/CreationDate(D:20220929190642+02\'00\')/Producer(iText 2.1.7 by 1T3XT)>>\nendobj\nxref\n0 12\n0000000000 65535 f \n0000001525 00000 n \n0000001819 00000 n \n0000001907 00000 n \n0000002000 00000 n \n0000000015 00000 n \n0000002100 00000 n \n0000001784 00000 n \n0000002163 00000 n \n0000002217 00000 n \n0000002249 00000 n \n0000002353 00000 n \ntrailer\n<</Info 11 0 R/ID [<0499e7857cc7a3c286ddfe8bb0342537><960399c691cf64c4b935a7c9095ba26d>]/Root 10 0 R/Size 12>>\nstartxref\n2563\n%%EOF\n',0,'Septembre',0,0,'N° 13.21.19.05.14.01','20220930-1008',11220,13464,22,2244,'Acquitté',510,3),(21,'Ekino','30/12/2022',NULL,'30/11/2022',30,'KO','\\2022\\11-Novembre\\Facture Client\\Facture_Sbatec_Easy_202211_1000.pdf','Facture_Sbatec_Easy_202211_1000.pdf',_binary '%PDF-1.5\n%\\\\\n5 0 obj\n<</Filter/FlateDecode/Length 1418>>stream\nxXMr\6\\o\I2\0\0y\';vc\'V\M0\L!R\\\z G葲{>Pd\\H\\?N\\CH|\'\\RJ\9x\{qNozO\\\\\C! ]<ȀA\.\\\I?>;\<+kU\TI`c\r\I+\n@J.s]!M\\c\0B-\r\pS5k<J)䵒w@Ti	\0u\0/rE\#FL\+f\"-\\07\\\Z1O+`\"AKqVyy\0l{\:cՖU($.Ep*5%4tr>\Z\R5\"^\\\0dۀ\"\B\\xQ\|u/	3\h6\gb\)uh>cq&\?a(*-\	>\[#ۊfZB,\\:1\܉J\0c(Ң\S0xJ.Qpzfysp(1%1~D~\`\50\'#\_H,42$\>ۂP\\02NY\ø\̔$7\(6}A\F͓X\Z\CxfK\0o$_J\dVA)E#TZ6ԓ:0%d\\<\)-0E\>\u\\1gyZ@l\\#\LR]K<i{2jD͋Ie\r\\Zd@O,a\pR$&l\'!\r2jJVȇ\J1\\7\\	\n&+f0)T\\\\(\r\'K!*V2J\\\n+\S3\S\ړ4\\\nT3\],\gs\ 1%Z\]Mr۠v\nBAPRq<*zV\1Y=r\[\!\\0U7\\M\'1y|m\ǕeSӬe,M\q\l\\\Zi!mþ\.;\0\nR3ʰH\F(*\\} \\zkVX\}+\\b4\^ʏ4pID\{&j\\\ba]\0=S\H.=8\\_lYN6T\ds\7\\_ĭ?\N\0]\"n̨\w\\ơ\7hwhg&_\Eǽucp>7!\'HX\0\|\D\\cAdxU;єjJKSb\i\EGT\;,H\<-\jռƯFkm\´a\%$\l6$-ŸY\r؏ZD\\y\l(s\n6\0\0U>i\:h5\VsBC\ݬ\7gx\VvK\\!ۅ\v(\\\\5:}3z.Q^Ne\zM\k\:\\j\\%\\\nM\\\j\.\7\	/\\%m\ZDj\ƜdoE\+\!\jd~+\?}eBCV~\\I\\XI\V\n\\?\\0zq\\p\\\yHF/	\c?8@F\ \\\\1\\|4|\\\nendstream\nendobj\n1 0 obj\n<</Tabs/S/Group<</S/Transparency/Type/Group/CS/DeviceRGB>>/Contents 5 0 R/Type/Page/Resources<</ColorSpace<</CS/DeviceRGB>>/ProcSet [/PDF /Text /ImageB /ImageC /ImageI]/Font<</F1 2 0 R/F2 3 0 R/F3 4 0 R>>>>/Parent 6 0 R/MediaBox[0 0 595 842]>>\nendobj\n7 0 obj\n[1 0 R/XYZ 0 852 0]\nendobj\n2 0 obj\n<</Subtype/Type1/Type/Font/BaseFont/Helvetica/Encoding/WinAnsiEncoding>>\nendobj\n3 0 obj\n<</Subtype/Type1/Type/Font/BaseFont/Helvetica-Bold/Encoding/WinAnsiEncoding>>\nendobj\n4 0 obj\n<</Subtype/Type1/Type/Font/BaseFont/Helvetica-BoldOblique/Encoding/WinAnsiEncoding>>\nendobj\n6 0 obj\n<</Kids[1 0 R]/Type/Pages/Count 1/ITXT(2.1.7)>>\nendobj\n8 0 obj\n<</Names[(JR_PAGE_ANCHOR_0_1) 7 0 R]>>\nendobj\n9 0 obj\n<</Dests 8 0 R>>\nendobj\n10 0 obj\n<</Names 9 0 R/Type/Catalog/Pages 6 0 R/ViewerPreferences<</PrintScaling/AppDefault>>>>\nendobj\n11 0 obj\n<</ModDate(D:20221130233323+01\'00\')/Creator(JasperReports Library version 6.16.0-48579d909b7943b64690c65c71e07e0b80981928)/CreationDate(D:20221130233323+01\'00\')/Producer(iText 2.1.7 by 1T3XT)>>\nendobj\nxref\n0 12\n0000000000 65535 f \n0000001501 00000 n \n0000001795 00000 n \n0000001883 00000 n \n0000001976 00000 n \n0000000015 00000 n \n0000002076 00000 n \n0000001760 00000 n \n0000002139 00000 n \n0000002193 00000 n \n0000002225 00000 n \n0000002329 00000 n \ntrailer\n<</Info 11 0 R/ID [<e9dfdd7053fcad222954be9f9f93d291><fed543b7a5d818ec846c6562abd2932b>]/Root 10 0 R/Size 12>>\nstartxref\n2539\n%%EOF\n',0,'Novembre',0,0,'N° 2022.11.07.00186','20221130-1000',7000,8400,14,1400,'N. Acquitté',500,4),(22,'Ekino','30/01/2023',NULL,'31/12/2022',30,'KO','\\2022\\12-Décembre\\Facture Client\\Facture_Sbatec_Easy_202212_1001.pdf','Facture_Sbatec_Easy_202212_1001.pdf',_binary '%PDF-1.5\n%\\\\\n5 0 obj\n<</Filter/FlateDecode/Length 1422>>stream\nxXMr\6\\o\I2c3\0y\';rc7v\M0\L!R\\\z G葲{>Pd\\H\\?N\\CH|\'A\{\cp@OA<\<@	ķ\/\z\zd@N\.d@} ii\\\,\\ZUi6\G~\\_~\qҊR\FWd1D,\0\\" PK@}À:\\T\\ZR\ny\(&p-4τzu9\\\\"\Z\JH\<;\rBn?~D\\J(H\R\\"/̓b3g\ڲJХV嶆$N\S\G@\\\ꡳPF\\lP$U]H{/\\7aD`.\% ?[pJ\ZϘ!DEQe\c9\'\y+d[\\AQKEZ\\u0\;QV@\w`EZ\q\nfO	\evr>\_\r,o\%Uo@Lf	S2byB#C^\É-\(p\r 㴐=~L9r^R\l\$c\$k	FBe\LfP4BeA=3\R\"KJNP\#a\Yd,\C^\;x\\\\\ى\>\$\5\\s8\0*FԼ\Y֠>nD\\\n\'+E\o\6obPz\ \I!htc]XAp-iki\"O9Q\\\N\\pPkZiu D\?w߿[=\Y=K)@5S\Œ|6G\nS1\\$w\rjW:{8!t	%Y\âgj5\Ŋ\\/\I{`e9\Pu\!\\v\\Zs\׶~Z_5e:\ZkK2Є\va\V?lk\@\ 0j\\nc\z\\\5\kՈ\\g%F\H{\D pB\\\31oz\0\\,gj5\	\^g\c\-\\\tl&\08>\\^E\\ߌ\>}N\\f\\"Z\\e\\yQb`\\"\MpȈ?#?147X^Ď\H5O̥\\0/dtx\@$\:\Q>\ӢUX\kjH\\V.\PfZ&Z\J\e9_H\\ūALGN\v\\u\E)f\\\\t7;\02%\|\vE\\r\"\j\UA\r\4\{햎C^\\\Ouf\\>!B	ߝʲ&1-\\!\0wu:\\\~\MK\ݚ~!\\\]\Uo++:^J\>\KԶpqy\\Z@tK\\nc5V\U\\\\\m߼hА_5R\9VR8B\t\7^O\|D\H8\\<$@G\ |#f\\\\q|>\Z\{\\\\m\nendstream\nendobj\n1 0 obj\n<</Tabs/S/Group<</S/Transparency/Type/Group/CS/DeviceRGB>>/Contents 5 0 R/Type/Page/Resources<</ColorSpace<</CS/DeviceRGB>>/ProcSet [/PDF /Text /ImageB /ImageC /ImageI]/Font<</F1 2 0 R/F2 3 0 R/F3 4 0 R>>>>/Parent 6 0 R/MediaBox[0 0 595 842]>>\nendobj\n7 0 obj\n[1 0 R/XYZ 0 852 0]\nendobj\n2 0 obj\n<</Subtype/Type1/Type/Font/BaseFont/Helvetica/Encoding/WinAnsiEncoding>>\nendobj\n3 0 obj\n<</Subtype/Type1/Type/Font/BaseFont/Helvetica-Bold/Encoding/WinAnsiEncoding>>\nendobj\n4 0 obj\n<</Subtype/Type1/Type/Font/BaseFont/Helvetica-BoldOblique/Encoding/WinAnsiEncoding>>\nendobj\n6 0 obj\n<</Kids[1 0 R]/Type/Pages/Count 1/ITXT(2.1.7)>>\nendobj\n8 0 obj\n<</Names[(JR_PAGE_ANCHOR_0_1) 7 0 R]>>\nendobj\n9 0 obj\n<</Dests 8 0 R>>\nendobj\n10 0 obj\n<</Names 9 0 R/Type/Catalog/Pages 6 0 R/ViewerPreferences<</PrintScaling/AppDefault>>>>\nendobj\n11 0 obj\n<</ModDate(D:20221207173225+01\'00\')/Creator(JasperReports Library version 6.16.0-48579d909b7943b64690c65c71e07e0b80981928)/CreationDate(D:20221207173225+01\'00\')/Producer(iText 2.1.7 by 1T3XT)>>\nendobj\nxref\n0 12\n0000000000 65535 f \n0000001505 00000 n \n0000001799 00000 n \n0000001887 00000 n \n0000001980 00000 n \n0000000015 00000 n \n0000002080 00000 n \n0000001764 00000 n \n0000002143 00000 n \n0000002197 00000 n \n0000002229 00000 n \n0000002333 00000 n \ntrailer\n<</Info 11 0 R/ID [<9331c143368ec6ed36aa2d57eac90b59><6a2624942dfd4eec24f4ffe0ec6387c3>]/Root 10 0 R/Size 12>>\nstartxref\n2543\n%%EOF\n',0,'Décembre',0,0,'N° 2022.11.07.00186','20221231-1001',2000,2400,4,400,'N. Acquitté',500,4);
/*!40000 ALTER TABLE `t_facture` ENABLE KEYS */;
UNLOCK TABLES;

--
-- Table structure for table `t_prestation`
--

DROP TABLE IF EXISTS `t_prestation`;
/*!40101 SET @saved_cs_client     = @@character_set_client */;
/*!50503 SET character_set_client = utf8mb4 */;
CREATE TABLE `t_prestation` (
  `id` bigint NOT NULL AUTO_INCREMENT,
  `client_prestation` varchar(255) NOT NULL DEFAULT '0',
  `delai_paiement` bigint NOT NULL DEFAULT '0',
  `designation` varchar(255) NOT NULL DEFAULT '0',
  `numero_commande` varchar(255) NOT NULL DEFAULT '0',
  `quantite` float NOT NULL DEFAULT '0',
  `tarifht` float NOT NULL DEFAULT '0',
  `date_debut` varchar(255) DEFAULT NULL,
  `date_fin` varchar(255) DEFAULT NULL,
  `client_id` bigint DEFAULT NULL,
  `consultant_id` bigint DEFAULT NULL,
  `facture_id` bigint DEFAULT NULL,
  `company_id` bigint DEFAULT NULL,
  PRIMARY KEY (`id`),
  KEY `FKen05trsnmiy6d1cxkc0tujode` (`client_id`),
  KEY `FKgawvw45n0svkjtceple40opnr` (`consultant_id`),
  KEY `FKo3uk4j1m8vyr4udcugf3rhu0n` (`company_id`),
  CONSTRAINT `FKen05trsnmiy6d1cxkc0tujode` FOREIGN KEY (`client_id`) REFERENCES `t_client` (`id`),
  CONSTRAINT `FKgawvw45n0svkjtceple40opnr` FOREIGN KEY (`consultant_id`) REFERENCES `t_consultant` (`id`),
  CONSTRAINT `FKo3uk4j1m8vyr4udcugf3rhu0n` FOREIGN KEY (`company_id`) REFERENCES `t_company` (`id`)
) ENGINE=InnoDB AUTO_INCREMENT=5 DEFAULT CHARSET=utf8 COLLATE=utf8_general_ci;
/*!40101 SET character_set_client = @saved_cs_client */;

--
-- Dumping data for table `t_prestation`
--

LOCK TABLES `t_prestation` WRITE;
/*!40000 ALTER TABLE `t_prestation` DISABLE KEYS */;
INSERT INTO `t_prestation` VALUES 	(1,'Odyssey Consulting',30,'La Prestation est réalisée pour le compte de','xxxxxxxxxxxxxxxxxx',0,470,'01/03/2021','30/06/2021',1,1,NULL,1),
									(2,'Accor Hotels',30,'La Prestation est réalisée pour le compte de','N°13.21.19.05.14.01',0,490,'08/07/2021','31/12/2021',2,1,NULL,1),
									(3,'Accor Hotels',30,'La Prestation est réalisée pour le compte de','N° 13.21.19.05.14.01',0,510,'01/01/2022','30/09/2022',2,1,NULL,1),
									(4,'Ekino',30,'La Prestation est réalisée pour le compte de','N° 2022.11.07.00186',0,500,'09/11/2022','01/01/2024',3,1,NULL,1);
/*!40000 ALTER TABLE `t_prestation` ENABLE KEYS */;
UNLOCK TABLES;

--
-- Table structure for table `t_role`
--

DROP TABLE IF EXISTS `t_role`;
/*!40101 SET @saved_cs_client     = @@character_set_client */;
/*!50503 SET character_set_client = utf8mb4 */;
CREATE TABLE `t_role` (
  `id` bigint NOT NULL AUTO_INCREMENT,
  `role_name` varchar(45) NOT NULL,
  `description` varchar(45) NOT NULL,
  `user_id` bigint DEFAULT NULL,
  PRIMARY KEY (`id`),
  KEY `FK9sof6539ywhxemf6ojn0fqera` (`user_id`),
  CONSTRAINT `FK9sof6539ywhxemf6ojn0fqera` FOREIGN KEY (`user_id`) REFERENCES `t_user` (`id`)
) ENGINE=InnoDB DEFAULT CHARSET=utf8 COLLATE=utf8_general_ci;
/*!40101 SET character_set_client = @saved_cs_client */;

--
-- Dumping data for table `t_role`
--

LOCK TABLES `t_role` WRITE;
/*!40000 ALTER TABLE `t_role` DISABLE KEYS */;
/*!40000 ALTER TABLE `t_role` ENABLE KEYS */;
UNLOCK TABLES;

--
-- Table structure for table `t_role_ref`
--

DROP TABLE IF EXISTS `t_role_ref`;
/*!40101 SET @saved_cs_client     = @@character_set_client */;
/*!50503 SET character_set_client = utf8mb4 */;
CREATE TABLE `t_role_ref` (
  `id` bigint NOT NULL AUTO_INCREMENT,
  `role_name` varchar(255) NOT NULL,
  `description` varchar(255) NOT NULL,
  `email` varchar(255) NOT NULL,
  `role` varchar(255) NOT NULL,
  PRIMARY KEY (`id`)
) ENGINE=InnoDB AUTO_INCREMENT=5 DEFAULT CHARSET=utf8 COLLATE=utf8_general_ci;
/*!40101 SET character_set_client = @saved_cs_client */;

--
-- Dumping data for table `t_role_ref`
--

LOCK TABLES `t_role_ref` WRITE;
/*!40000 ALTER TABLE `t_role_ref` DISABLE KEYS */;
INSERT INTO `t_role_ref` VALUES (1,'ADMIN','ROLE_ADMIN','',''),(2,'CONSULT','ROLE_ADMIN','',''),(3,'READ','ROLE_ADMIN','',''),(4,'WRITE','ROLE_ADMIN','','');
/*!40000 ALTER TABLE `t_role_ref` ENABLE KEYS */;
UNLOCK TABLES;

--
-- Table structure for table `t_tva`
--

DROP TABLE IF EXISTS `t_tva`;
/*!40101 SET @saved_cs_client     = @@character_set_client */;
/*!50503 SET character_set_client = utf8mb4 */;
CREATE TABLE `t_tva` (
  `id` bigint NOT NULL AUTO_INCREMENT,
  `date_payment` varchar(255) NOT NULL,
  `exercise` varchar(255) NOT NULL,
  `montant_payment` float NOT NULL,
  PRIMARY KEY (`id`)
) ENGINE=MyISAM AUTO_INCREMENT=11 DEFAULT CHARSET=utf8 COLLATE=utf8_general_ci;
/*!40101 SET character_set_client = @saved_cs_client */;

--
-- Dumping data for table `t_tva`
--

LOCK TABLES `t_tva` WRITE;
/*!40000 ALTER TABLE `t_tva` DISABLE KEYS */;
INSERT INTO `t_tva` VALUES (1,'28/12/2021','2021',2588),(2,'29/07/2021','2021',3533),(5,'05/05/2022','2021',9558),(8,'22/06/2022','2022',10479),(9,'29/07/2022','2022',684),(10,'23/11/2022','2022',2490);
/*!40000 ALTER TABLE `t_tva` ENABLE KEYS */;
UNLOCK TABLES;

--
-- Table structure for table `t_user`
--

DROP TABLE IF EXISTS `t_user`;
/*!40101 SET @saved_cs_client     = @@character_set_client */;
/*!50503 SET character_set_client = utf8mb4 */;
CREATE TABLE `t_user` (
  `id` bigint NOT NULL AUTO_INCREMENT,
  `user_name` varchar(45) NOT NULL DEFAULT '0',
  `first_name` varchar(45) NOT NULL DEFAULT '0',
  `last_name` varchar(45) NOT NULL DEFAULT '0',
  `password` varchar(45) NOT NULL DEFAULT '0',
  `activated` tinyint NOT NULL DEFAULT '1',
  `company_id` bigint DEFAULT NULL,
  PRIMARY KEY (`id`),
  KEY `FKjoyvjcw2ynic8bvdjm1elpf16` (`company_id`),
  CONSTRAINT `FKjoyvjcw2ynic8bvdjm1elpf16` FOREIGN KEY (`company_id`) REFERENCES `t_company` (`id`)
) ENGINE=InnoDB AUTO_INCREMENT=5 DEFAULT CHARSET=utf8 COLLATE=utf8_general_ci;
/*!40101 SET character_set_client = @saved_cs_client */;

--
-- Dumping data for table `t_user`
--

LOCK TABLES `t_user` WRITE;
/*!40000 ALTER TABLE `t_user` DISABLE KEYS */;
INSERT INTO `t_user` VALUES (1,'allouchi@hotmail.fr','Mustapha','Aliane','123456',1,1),(2,'khalid@hotmail.fr','Khalid','Aliane','123456',1,2),(3,'salma@hotmail.fr','Salma','Aliane','123456',1,1),(4,'btissame@hotmail.fr','Btissame','Aliane','123456',1,1);
/*!40000 ALTER TABLE `t_user` ENABLE KEYS */;
UNLOCK TABLES;
/*!40103 SET TIME_ZONE=@OLD_TIME_ZONE */;

/*!40101 SET SQL_MODE=@OLD_SQL_MODE */;
/*!40014 SET FOREIGN_KEY_CHECKS=@OLD_FOREIGN_KEY_CHECKS */;
/*!40014 SET UNIQUE_CHECKS=@OLD_UNIQUE_CHECKS */;
/*!40101 SET CHARACTER_SET_CLIENT=@OLD_CHARACTER_SET_CLIENT */;
/*!40101 SET CHARACTER_SET_RESULTS=@OLD_CHARACTER_SET_RESULTS */;
/*!40101 SET COLLATION_CONNECTION=@OLD_COLLATION_CONNECTION */;
/*!40111 SET SQL_NOTES=@OLD_SQL_NOTES */;

-- Dump completed on 2022-12-24  2:17:50
